drop table auditorias;
drop table blacklisted_tokens;
drop table consultas_parametros;
drop table consultas;
drop table parametros;
drop table usuarios_clientes;
drop table clientes;
drop table usuarios;
drop table roles;

CREATE TABLE roles (
	"id" INTEGER NOT NULL DEFAULT AUTOINCREMENT,
	"nombre" VARCHAR(150) NOT NULL,
	"descripcion" VARCHAR(150) NOT NULL,
	"created_at" "datetime" NULL DEFAULT CURRENT TIMESTAMP,
	"updated_at" "datetime" NULL DEFAULT CURRENT TIMESTAMP,
	PRIMARY KEY ( "id" ASC )
) IN "system";

CREATE TABLE usuarios (
	"id" INTEGER NOT NULL DEFAULT AUTOINCREMENT,
	"email" VARCHAR(150) NOT NULL,
	"password" VARCHAR(255) NOT NULL,
	"rol_id" INTEGER NOT NULL,
	"nombre" VARCHAR(150) NOT NULL,
	"apellido" VARCHAR(150) NOT NULL,
	"prefijo_cedula" VARCHAR(5) NOT NULL,
	"cedula" VARCHAR(10) NOT NULL,
	"access_expiration" DATE NULL,
	"created_at" "datetime" NULL DEFAULT CURRENT TIMESTAMP,
	"updated_at" "datetime" NULL DEFAULT CURRENT TIMESTAMP,
	"registered_by_user_id" INTEGER NULL,
	"enabled" BIT NOT NULL DEFAULT 1,
	"email_alternativo" VARCHAR(150) NOT NULL,
	"ultima_conexion" "datetime" NOT NULL DEFAULT current date,
	"img_profile" VARCHAR(500) NULL,
	"department" VARCHAR(100) NULL,
	"username" VARCHAR(100) NOT NULL UNIQUE,
	"telefono" VARCHAR(11) NULL,
	"jurisdiccion_estado" VARCHAR(100) NULL,
	"jurisdiccion_region" VARCHAR(100) NULL,
	"jurisdiccion_sector" VARCHAR(100) NULL,
	"cargo" VARCHAR(100) NULL,
	"cod_area" CHAR(4) NULL,
	"is_tour" BIT NULL DEFAULT 1,
	PRIMARY KEY ( "id" ASC )
) IN "system";

CREATE TABLE clientes (
	"id" INTEGER NOT NULL DEFAULT AUTOINCREMENT UNIQUE,
	"rif" VARCHAR(20) NOT NULL UNIQUE,
	"nombre_cliente" VARCHAR(50) NOT NULL,
	"connections" VARCHAR(255) NULL,
	"logo" VARCHAR(255) NULL,
	"created_at" "datetime" NULL DEFAULT CURRENT TIMESTAMP,
	"updated_at" "datetime" NULL DEFAULT CURRENT TIMESTAMP,
	"enabled" BIT NULL DEFAULT 1,
	"name_bd_table" VARCHAR(6000) NULL,
	"name_bd_column_numero_control" VARCHAR(100) NULL,
	"name_bd_column_fecha_emision" VARCHAR(100) NULL,
	"name_bd_column_fecha_emision_format" VARCHAR(100) NULL,
	"name_bd_column_fecha_asignacion" VARCHAR(100) NULL,
	"name_bd_column_fecha_asignacion_format" VARCHAR(100) NULL,
	"name_bd_column_numero_documento" VARCHAR(100) NULL,
	"name_bd_column_numero_documento_format" VARCHAR(100) NULL,
	"name_bd_table_coletilla" VARCHAR(255) NULL,
	"url_prod" VARCHAR(255) NULL,
	"url_qa" VARCHAR(255) NULL,
	"is_prod" BIT NOT NULL DEFAULT 0,
	"name_bd_column_tipo_documento" VARCHAR(255) NULL,
	"name_bd_column_tipo_documento_format" VARCHAR(1000) NULL,
	"name_bd_column_tipo_documento_view_pdf_format" VARCHAR(255) NULL,
	"numero_control_view_pdf_format" BIT NOT NULL DEFAULT 0,
	"encrypt_url_format" VARCHAR(255) NULL,
	"encrypt_url_format_order" VARCHAR(255) NULL,
	"name_bd_column_encrypt" VARCHAR(255) NULL,
	"name_bd_column_encrypt_others" VARCHAR(255) NULL,
	"name_bd_column_rif" VARCHAR(255) NULL,
	"name_bd_column_razon_social" VARCHAR(255) NULL,
	"name_bd_column_codigo_operacion" VARCHAR(255) NULL,
	"name_bd_column_serie" VARCHAR(255) NULL,
	"name_bd_column_hora_emision" VARCHAR(255) NULL,
	"name_bd_column_status" VARCHAR(255) NULL,
	"name_bd_column_motivo_anulacion" VARCHAR(255) NULL,
	"name_bd_column_fecha_anulacion" VARCHAR(255) NULL,
	"name_bd_column_hora_anulacion" VARCHAR(255) NULL,
	"name_bd_column_neto_pagar" VARCHAR(255) NULL,
	"name_bd_column_igtf" VARCHAR(255) NULL,
	"name_bd_column_total_pagar" VARCHAR(255) NULL,
	"name_bd_column_base_imponible" VARCHAR(25) NULL,
	"name_bd_column_monto_iva" VARCHAR(255) NULL,
	"name_bd_column_monto_exento" VARCHAR(255) NULL,
	"name_bd_column_monto_no_sujeto" VARCHAR(255) NULL,
	"name_bd_column_serie_format" VARCHAR(1000) NULL,
	"name_bd_column_codigo_operacion_format" VARCHAR(255) NULL,
	"name_bd_column_correo_cliente" VARCHAR(255) NULL,
	"name_bd_column_telefono_cliente" VARCHAR(255) NULL,
	PRIMARY KEY ( "id" ASC )
) IN "system";

CREATE TABLE usuarios_clientes (
	"id" INTEGER NOT NULL DEFAULT AUTOINCREMENT,
	"user_id" INTEGER NOT NULL,
	"cliente_id" INTEGER NOT NULL,
	"created_at" "datetime" NULL DEFAULT CURRENT TIMESTAMP,
	"updated_at" "datetime" NULL DEFAULT CURRENT TIMESTAMP,
	PRIMARY KEY ( "id" ASC )
) IN "system";


CREATE TABLE auditorias (
	"id" BIGINT NOT NULL DEFAULT AUTOINCREMENT UNIQUE,
	"usuario_id" INTEGER NOT NULL,
	"rol_id" INTEGER NOT NULL,
	"ruta" VARCHAR(255) NULL,
	"method" VARCHAR(10) NULL,
	"body" VARCHAR(2500) NULL,
	"ip_cliente" VARCHAR(50) NULL,
	"created_at" "datetime" NOT NULL DEFAULT CURRENT TIMESTAMP,
	"update_at" "datetime" NOT NULL DEFAULT CURRENT TIMESTAMP,
	PRIMARY KEY ( "id" ASC )
) IN "system";

CREATE TABLE blacklisted_tokens (
	"id" INTEGER NOT NULL DEFAULT AUTOINCREMENT,
	"user_id" INTEGER NOT NULL,
	"token" VARCHAR(255) NOT NULL UNIQUE,
	"reason" VARCHAR(255) NULL,
	"created_at" "datetime" NULL DEFAULT CURRENT TIMESTAMP,
	"updated_at" "datetime" NULL DEFAULT CURRENT TIMESTAMP,
	PRIMARY KEY ( "id" ASC )
) IN "system";



CREATE TABLE consultas (
	"id" INTEGER NOT NULL DEFAULT AUTOINCREMENT UNIQUE,
	"nombre" VARCHAR(255) NOT NULL,
	"cliente_id" INTEGER NOT NULL,
	"created_at" TIMESTAMP NULL DEFAULT CURRENT TIMESTAMP,
	"updated_at" TIMESTAMP NULL DEFAULT CURRENT TIMESTAMP,
	PRIMARY KEY ( "id" ASC )
) IN "system";

CREATE TABLE parametros (
	"id" INTEGER NOT NULL DEFAULT AUTOINCREMENT UNIQUE,
	"name" VARCHAR(255) NOT NULL,
	"tipo_input" VARCHAR(255) NOT NULL,
	"placeholder" VARCHAR(255) NULL,
	"column_reference_cliente" VARCHAR(255) NOT NULL,
	"created_at" TIMESTAMP NULL DEFAULT CURRENT TIMESTAMP,
	"updated_at" TIMESTAMP NULL DEFAULT CURRENT TIMESTAMP,
	PRIMARY KEY ( "id" ASC )
) IN "system";

CREATE TABLE consultas_parametros (
	"id" INTEGER NOT NULL DEFAULT AUTOINCREMENT UNIQUE,
	"consulta_id" INTEGER NOT NULL,
	"parametro_id" INTEGER NOT NULL,
	"created_at" TIMESTAMP NULL DEFAULT CURRENT TIMESTAMP,
	"updated_at" TIMESTAMP NULL DEFAULT CURRENT TIMESTAMP,
	PRIMARY KEY ( "id" ASC )
) IN "system";


INSERT INTO roles ("id","nombre","descripcion","created_at","updated_at") VALUES(1,'Administrador','','2024-03-19 12:38:33.523','2024-03-19 12:38:33.523');
INSERT INTO roles ("id","nombre","descripcion","created_at","updated_at") VALUES(2,'SENIAT','','2024-03-19 12:41:55.765','2024-03-19 12:41:55.765');
INSERT INTO roles ("id","nombre","descripcion","created_at","updated_at") VALUES(3,'Cliente','','2024-03-19 12:42:09.424','2024-03-19 12:42:09.424');
INSERT INTO roles ("id","nombre","descripcion","created_at","updated_at") VALUES(4,'Atencion al CLiente SL','','2024-03-19 12:42:18.267','2024-03-19 12:42:18.267');

INSERT INTO usuarios ("id","email","password","rol_id","nombre","apellido","prefijo_cedula","cedula","access_expiration","created_at","updated_at","registered_by_user_id","enabled","email_alternativo","ultima_conexion","img_profile","department","username","telefono","jurisdiccion_estado","jurisdiccion_region","jurisdiccion_sector","cargo","cod_area","is_tour") VALUES(1,'carlos_ebb@outlook.com','$2b$10$bJfifB8GTNwTMOwSul8IQuxDD1VTLoesqZgPW8UvbDZHAw5lzNDY2',1,'Carlos','Bolivar','V','24886638',NULL,'2024-03-19 12:27:49.075','2024-03-19 12:27:49.075',NULL,1,'cebolivarbarrios@gmail.com','2024-06-04 15:17:35.069','/uploads/img_perfil/57422a21cde0fcefd1f95397be3be1fb.jpg','Soluciones Laser Desarrollo','carlosebb','3054914','Estado1','region1','sector1','Desarrollador','0414',0);
INSERT INTO usuarios ("id","email","password","rol_id","nombre","apellido","prefijo_cedula","cedula","access_expiration","created_at","updated_at","registered_by_user_id","enabled","email_alternativo","ultima_conexion","img_profile","department","username","telefono","jurisdiccion_estado","jurisdiccion_region","jurisdiccion_sector","cargo","cod_area","is_tour") VALUES(24,'josio@solucioneslaser.com','$2b$10$bEaUIkLdP2YlVruow6E3eOYcYxdIiHL7dG6qo496FnwZWGDuWpMSO',2,'Juan','Osio','V','12345678','2024-12-11','2024-03-21 13:07:47.952','2024-03-21 13:07:47.952',1,1,'ejemplo@ggmail.com','2024-05-06 13:54:19.231','/uploads/img_perfil/844efba0301e9eb45feb189f770f3162.jpg','Soluciones Laser Soporte','josio','1234567','Estado2','region3','sector5','Carlos','0424',0);
INSERT INTO usuarios ("id","email","password","rol_id","nombre","apellido","prefijo_cedula","cedula","access_expiration","created_at","updated_at","registered_by_user_id","enabled","email_alternativo","ultima_conexion","img_profile","department","username","telefono","jurisdiccion_estado","jurisdiccion_region","jurisdiccion_sector","cargo","cod_area","is_tour") VALUES(34,'cbolivar@solucioneslaser.com','$2b$10$D.9NBG.XZBv2fzOiJETCi.YL20OXiudBNdOhCGbEeC.NHfVuSmkAW',2,'Pedro','Perez','V','12345678','2024-12-11','2024-03-21 13:07:47.952','2024-03-21 13:07:47.952',24,0,'otro@hgmail.com','2024-04-18 15:47:47.553',NULL,'Soluciones Laser Soporte','slcarlos',NULL,NULL,NULL,NULL,NULL,NULL,0);
INSERT INTO usuarios ("id","email","password","rol_id","nombre","apellido","prefijo_cedula","cedula","access_expiration","created_at","updated_at","registered_by_user_id","enabled","email_alternativo","ultima_conexion","img_profile","department","username","telefono","jurisdiccion_estado","jurisdiccion_region","jurisdiccion_sector","cargo","cod_area","is_tour") VALUES(35,'cirion@cirion.com','$2b$10$D.9NBG.XZBv2fzOiJETCi.YL20OXiudBNdOhCGbEeC.NHfVuSmkAW',3,'Cirion','Admin','V','12345678','2024-12-11','2024-03-21 13:07:47.952','2024-03-21 13:07:47.952',NULL,1,'cirion@hgmail.com','2024-05-17 16:35:30.206',NULL,'Cirion','cirion',NULL,NULL,NULL,NULL,NULL,NULL,0);
INSERT INTO usuarios ("id","email","password","rol_id","nombre","apellido","prefijo_cedula","cedula","access_expiration","created_at","updated_at","registered_by_user_id","enabled","email_alternativo","ultima_conexion","img_profile","department","username","telefono","jurisdiccion_estado","jurisdiccion_region","jurisdiccion_sector","cargo","cod_area","is_tour") VALUES(103,'geno@ejemplo.com','$2b$10$nGYHAs14mmdNMVjggJ9lMOip07JZpH.8/xSDX9Ryd.jrPkA9hM/kW',3,'Genobellys','Romero','V','16590141',NULL,'2024-04-26 17:19:20.777','2024-04-26 17:19:20.777',NULL,1,'geno@ejemplo.com','2024-04-26 17:42:30.636',NULL,'Desarrollo Agil','solucioneslaser','1234567',NULL,NULL,NULL,'Lider','0424',0);
INSERT INTO usuarios ("id","email","password","rol_id","nombre","apellido","prefijo_cedula","cedula","access_expiration","created_at","updated_at","registered_by_user_id","enabled","email_alternativo","ultima_conexion","img_profile","department","username","telefono","jurisdiccion_estado","jurisdiccion_region","jurisdiccion_sector","cargo","cod_area","is_tour") VALUES(104,'luissilvalaguna1@gmail.com','$2b$10$of8ZM1xI.6iceHaA7p24c.QOpEC1QlsFozjAjz.9SdvCze4ICdUva',3,'Luis','Silva','V','16590141',NULL,'2024-05-06 13:52:25.373','2024-05-06 13:52:25.373',35,1,'silva@solucioneslaser.com','2024-05-06 13:52:58.529',NULL,'SL','yumaira','1234567',NULL,NULL,NULL,'SL','0424',0);

INSERT INTO clientes ("id","rif","nombre_cliente","connections","logo","created_at","updated_at","enabled","name_bd_table","name_bd_column_numero_control","name_bd_column_fecha_emision","name_bd_column_fecha_emision_format","name_bd_column_fecha_asignacion","name_bd_column_fecha_asignacion_format","name_bd_column_numero_documento","name_bd_column_numero_documento_format","name_bd_table_coletilla","url_prod","url_qa","is_prod","name_bd_column_tipo_documento","name_bd_column_tipo_documento_format","name_bd_column_tipo_documento_view_pdf_format","numero_control_view_pdf_format","encrypt_url_format","encrypt_url_format_order","name_bd_column_encrypt","name_bd_column_encrypt_others","name_bd_column_rif","name_bd_column_razon_social","name_bd_column_codigo_operacion","name_bd_column_serie","name_bd_column_hora_emision","name_bd_column_status","name_bd_column_motivo_anulacion","name_bd_column_fecha_anulacion","name_bd_column_hora_anulacion","name_bd_column_neto_pagar","name_bd_column_igtf","name_bd_column_total_pagar","name_bd_column_base_imponible","name_bd_column_monto_iva","name_bd_column_monto_exento","name_bd_column_monto_no_sujeto","name_bd_column_serie_format","name_bd_column_codigo_operacion_format","name_bd_column_correo_cliente","name_bd_column_telefono_cliente") VALUES(1,'J-30046239-0','CIRION TECHNOLOGIES, S.A.','PROD_ws_cirionIQ','/uploads/logo_clientes/8c975e2ae8a7da3908639e883ebd16f4.jpg','2023-12-10 15:06:56.911','2023-12-10 15:06:58.800',1,'(      SELECT control, CONVERT(VARCHAR(255), nro_documento) AS nro_documento, CR15_tipoCom, CR03_numIden, CONVERT(date, CR14_fechaCom, 112) AS fechaEmision, CR04_nomComprador, hora_carga, PI02_imporComprobante, PI34_baseImpLocal, PI05_imporIva, iv.poriva, MOTIVOANULACION, FECHAANULACION, HORAANULACION, CR69_dirEmail as correo, CR75 as telefono FROM cabecera, pie, iv WHERE pie.nom_archivo = cabecera.nom_archivo and iv.nom_archivo = cabecera.nom_archivo UNION ALL SELECT cabecera_AUT.control, CONVERT(VARCHAR(255), nro_documento) AS nro_documento, CR15_tipoCom, CR05_rifCirion AS CR03_numIden, CR03_fechaEmision AS fechaEmision, CR04_nomProveedor AS CR04_nomComprador, hora_proceso AS hora_carga, PI04_totalPagarBs AS PI02_imporComprobante, PI02_baseImponbleBs AS PI34_baseImpLocal, PI03_IVABs as PI05_imporIva, null as poriva, MOTIVOANULACION, FECHAANULACION, HORAANULACION, CR08_emailCliente as correo, '''' as telefono FROM cabecera_AUT, PI_AUT WHERE PI_AUT.nom_archivo = cabecera_AUT.nom_archivo UNION ALL SELECT cabecera_GD.control, CONVERT(VARCHAR(255), nro_documento) AS nro_documento, CR15_tipoCom, CR10_rifEntrega AS CR03_numIden, CR02_fechaEmision AS fechaEmision, CR06_nombreEntrega AS CR04_nomComprador, hora_proceso AS hora_carga, NULL AS PI02_imporComprobante, NULL AS PI34_baseImpLocal, null as PI05_imporIva, null as poriva, MOTIVOANULACION, FECHAANULACION, HORAANULACION, '''' as correo, CR09_numTelefonoEntrega as telefono FROM cabecera_GD, PI_GD WHERE PI_GD.nom_archivo = cabecera_GD.nom_archivo ) AS encabezado','control','fechaEmision','YYYY-MM-DD','fechaEmision','YYYY-MM-DD','nro_documento',NULL,NULL,'https://wsdocdigital-cirion.solucioneslaser.com/CirionIQ-war/recursos/consulta/factura/{{encrypt}}',NULL,1,'CR15_tipoCom','{"placeholder":["Factura","Nota de Debito","Nota de Crédito"],"values":[["001"],["002"],["003"]]}','["FACT", "ND", "NC"]',1,'["codificar","base64"]','{{tipo_documento}}{{numero_control}}',NULL,NULL,'CR03_numIden','CR04_nomComprador',NULL,NULL,'hora_carga',NULL,'MOTIVOANULACION','FECHAANULACION','HORAANULACION','PI02_imporComprobante',NULL,'PI02_imporComprobante','PI34_baseImpLocal','PI05_imporIva',NULL,NULL,NULL,'6190','correo','telefono');
INSERT INTO clientes ("id","rif","nombre_cliente","connections","logo","created_at","updated_at","enabled","name_bd_table","name_bd_column_numero_control","name_bd_column_fecha_emision","name_bd_column_fecha_emision_format","name_bd_column_fecha_asignacion","name_bd_column_fecha_asignacion_format","name_bd_column_numero_documento","name_bd_column_numero_documento_format","name_bd_table_coletilla","url_prod","url_qa","is_prod","name_bd_column_tipo_documento","name_bd_column_tipo_documento_format","name_bd_column_tipo_documento_view_pdf_format","numero_control_view_pdf_format","encrypt_url_format","encrypt_url_format_order","name_bd_column_encrypt","name_bd_column_encrypt_others","name_bd_column_rif","name_bd_column_razon_social","name_bd_column_codigo_operacion","name_bd_column_serie","name_bd_column_hora_emision","name_bd_column_status","name_bd_column_motivo_anulacion","name_bd_column_fecha_anulacion","name_bd_column_hora_anulacion","name_bd_column_neto_pagar","name_bd_column_igtf","name_bd_column_total_pagar","name_bd_column_base_imponible","name_bd_column_monto_iva","name_bd_column_monto_exento","name_bd_column_monto_no_sujeto","name_bd_column_serie_format","name_bd_column_codigo_operacion_format","name_bd_column_correo_cliente","name_bd_column_telefono_cliente") VALUES(2,'J-09006646-2','CORPORACION DROLANCA C.A.','PROD_ws_drolanca032','/uploads/logo_clientes/dbff700f43db54d16cc7a6095dfffd0f.jpg','2023-12-10 15:06:56.911','2023-12-10 15:06:58.800',1,'(SELECT * FROM cabecera LEFT JOIN pie ON cabecera.XBLNR = pie.XBLNR) as encabezado','numero_control_numerico','ERDAT','YYYY-MM-DD','FECHACARGA','YYYY-MM-DD','BELNR',NULL,NULL,'https://wsdocdigital-drolanca.solucioneslaser.com/Drolanca-war/recursos/consulta/factura/{{encrypt}}',NULL,1,'L_LETRA','{"placeholder":["Factura","Nota de Debito","Nota de Crédito"],"values":[["FME","FPS","FPU","FAC","FFL"],["NDF"],["NCF", "NCL"]]}',NULL,1,'["codificar","base64"]','{{tipo_documento}}{{numero_control}}',NULL,NULL,'B_RIF','B_NOMBRE',NULL,NULL,'HORACARGA','ANULADO','MOTIVOANULACION','FECHAANULACION','HORAANULACION','TOTAL_FACT',NULL,'TOTAL_FACT','BASE_IMP','TOTAL_IVA','EXENTO',NULL,NULL,'8690',NULL,NULL);
INSERT INTO clientes ("id","rif","nombre_cliente","connections","logo","created_at","updated_at","enabled","name_bd_table","name_bd_column_numero_control","name_bd_column_fecha_emision","name_bd_column_fecha_emision_format","name_bd_column_fecha_asignacion","name_bd_column_fecha_asignacion_format","name_bd_column_numero_documento","name_bd_column_numero_documento_format","name_bd_table_coletilla","url_prod","url_qa","is_prod","name_bd_column_tipo_documento","name_bd_column_tipo_documento_format","name_bd_column_tipo_documento_view_pdf_format","numero_control_view_pdf_format","encrypt_url_format","encrypt_url_format_order","name_bd_column_encrypt","name_bd_column_encrypt_others","name_bd_column_rif","name_bd_column_razon_social","name_bd_column_codigo_operacion","name_bd_column_serie","name_bd_column_hora_emision","name_bd_column_status","name_bd_column_motivo_anulacion","name_bd_column_fecha_anulacion","name_bd_column_hora_anulacion","name_bd_column_neto_pagar","name_bd_column_igtf","name_bd_column_total_pagar","name_bd_column_base_imponible","name_bd_column_monto_iva","name_bd_column_monto_exento","name_bd_column_monto_no_sujeto","name_bd_column_serie_format","name_bd_column_codigo_operacion_format","name_bd_column_correo_cliente","name_bd_column_telefono_cliente") VALUES(3,'J-00362916-2','SOLUCIONES LASER C.A','PROD_solucioneslaser','/uploads/logo_clientes/1245a4c6153f927aae66d31000c52695.jpg','2023-12-10 15:06:56.911','2023-12-10 15:06:58.800',1,'(     SELECT encabezado.*, resumen.RES_total_pagar_bs, resumen.RES_IGTF_bs, resumen.RES_subtotal_factura_bs, resumen.RES_base_imponible_bs, resumen.RES_montoIVA_bs, resumen.RES_total_exento_bs FROM encabezado LEFT JOIN resumen ON encabezado.con = resumen.con ) as encabezado','numero_control_numerico','CA_fecha_emision','YYYY-MM-DD','CA_fecha_asigControl','YYYY-MM-DD','CA_nro_factura','0000044931',NULL,'https://wsdocdigital-laser.solucioneslaser.com/solucionesLaser-war/recursos/documento/pdf/{{encrypt}}',NULL,1,'CA_tipo_documento','{"placeholder":["Factura","Nota de Debito","Nota de Crédito"],"values":[["FA"],["ND"],["NC"]]}',NULL,0,'["base64"]','{{tipo_documento}}{{numero_documento}}',NULL,NULL,'CA_rif','CA_razon_social','CA_cod_operacion',NULL,'CA_hora_emision','ANULADO','MOTIVOANULACION','FECHAANULACION','HORAANULACION','RES_total_pagar_bs','RES_IGTF_bs','RES_total_pagar_bs','RES_base_imponible_bs','RES_montoIVA_bs','RES_total_pagar_bs',NULL,NULL,NULL,'CA_email','CA_telefonos');
INSERT INTO clientes ("id","rif","nombre_cliente","connections","logo","created_at","updated_at","enabled","name_bd_table","name_bd_column_numero_control","name_bd_column_fecha_emision","name_bd_column_fecha_emision_format","name_bd_column_fecha_asignacion","name_bd_column_fecha_asignacion_format","name_bd_column_numero_documento","name_bd_column_numero_documento_format","name_bd_table_coletilla","url_prod","url_qa","is_prod","name_bd_column_tipo_documento","name_bd_column_tipo_documento_format","name_bd_column_tipo_documento_view_pdf_format","numero_control_view_pdf_format","encrypt_url_format","encrypt_url_format_order","name_bd_column_encrypt","name_bd_column_encrypt_others","name_bd_column_rif","name_bd_column_razon_social","name_bd_column_codigo_operacion","name_bd_column_serie","name_bd_column_hora_emision","name_bd_column_status","name_bd_column_motivo_anulacion","name_bd_column_fecha_anulacion","name_bd_column_hora_anulacion","name_bd_column_neto_pagar","name_bd_column_igtf","name_bd_column_total_pagar","name_bd_column_base_imponible","name_bd_column_monto_iva","name_bd_column_monto_exento","name_bd_column_monto_no_sujeto","name_bd_column_serie_format","name_bd_column_codigo_operacion_format","name_bd_column_correo_cliente","name_bd_column_telefono_cliente") VALUES(4,'J-30018017-4','SODEXHO PASS VENEZUELA, C.A.','PROD_ws_sodexo','/uploads/logo_clientes/e12b5fbb403af86a29dd13f36cd3ca4e.jpg','2023-12-10 15:06:56.911','2023-12-10 15:06:58.800',1,'(     SELECT  REG_0.descripcion21 AS razonSocial,  REG_4.monto5 AS neto5,  REG_4.monto4 AS tpBS,  REG_4.monto1 AS base_im,  REG_4.monto3 AS iva,  REG_4.monto2 AS exento,  REG_3.monto4 AS IGTF4,  REG_3.descripcion11 AS netoAPAGAR,  REG_3.monto2 AS totalSU,  REG_2.monto3 AS basImpo, REG_1.* FROM  REG_4 JOIN  REG_1 ON REG_4.control = REG_1.control JOIN  REG_0 ON REG_0.control = REG_4.control JOIN  REG_3 ON REG_4.control = REG_3.control LEFT JOIN  REG_2 ON REG_4.control = REG_2.control ) AS encabezado','control','fecha','YYYY-MM-DD','fecha','YYYY-MM-DD','numero1','023-000013;0023148673',NULL,'https://wsdocdigital-sodexo.solucioneslaser.com/Sodexo-war/recursos/consulta/factura/{{encrypt}}',NULL,1,'numero2','{"placeholder":["Factura","Nota de Debito","Nota de Crédito"],"values":[["0000000001"],["0000000003"],["0000000002"]]}','["FC", "ND", "NC"]',1,'["base64"]','{{tipo_documento}}{{numero_control}}',NULL,NULL,'descripcion20','razonSocial','descripcion16',NULL,'descripcion16','ANULADO','MOTIVOANULACION','FECHAANULACION','HORAANULACION','netoAPAGAR','IGTF4','netoAPAGAR','basImpo','iva','exento',NULL,NULL,NULL,'descripcion21',NULL);
INSERT INTO clientes ("id","rif","nombre_cliente","connections","logo","created_at","updated_at","enabled","name_bd_table","name_bd_column_numero_control","name_bd_column_fecha_emision","name_bd_column_fecha_emision_format","name_bd_column_fecha_asignacion","name_bd_column_fecha_asignacion_format","name_bd_column_numero_documento","name_bd_column_numero_documento_format","name_bd_table_coletilla","url_prod","url_qa","is_prod","name_bd_column_tipo_documento","name_bd_column_tipo_documento_format","name_bd_column_tipo_documento_view_pdf_format","numero_control_view_pdf_format","encrypt_url_format","encrypt_url_format_order","name_bd_column_encrypt","name_bd_column_encrypt_others","name_bd_column_rif","name_bd_column_razon_social","name_bd_column_codigo_operacion","name_bd_column_serie","name_bd_column_hora_emision","name_bd_column_status","name_bd_column_motivo_anulacion","name_bd_column_fecha_anulacion","name_bd_column_hora_anulacion","name_bd_column_neto_pagar","name_bd_column_igtf","name_bd_column_total_pagar","name_bd_column_base_imponible","name_bd_column_monto_iva","name_bd_column_monto_exento","name_bd_column_monto_no_sujeto","name_bd_column_serie_format","name_bd_column_codigo_operacion_format","name_bd_column_correo_cliente","name_bd_column_telefono_cliente") VALUES(5,'J-30467796-0','HISPANA DE SEGUROS','PROD_HispanaSeguro','/uploads/logo_clientes/c75fae0ae69a9005c2bc2e38a918efb1.jpg','2023-12-10 15:06:56.911','2023-12-10 15:06:58.800',1,'encabezado','NRCONTROLSL','fechaemision_date','YYYY-MM-DD','fechaasignacion_date','YYYY-MM-DD','NFACTURA',NULL,NULL,'https://wsdocdigital-hispana.solucioneslaser.com/hispana-war/recursos/documento/factura/{{encrypt}}',NULL,1,'TIPODOC','{"placeholder":["Factura","Nota de Debito","Nota de Crédito"],"values":[["FA"],["ND"],["NC"]]}',NULL,1,'["codificar","base64"]','{{numero_control}}',NULL,NULL,'RIFCEDULA','NOMBRECLIENTE','CODIGOACTIVIDAD',NULL,'HORADEEMSION','ANULADO','MOTIVOANULACION','FECHAANULACION','HORAANULACION','MONTO_NETO_LOCAL_IGTF','MONTO_IGTF_LOCAL','MONTOBs','IVA','TOTALIVA','TOTALIVA','MONTOBs',NULL,NULL,'correo1','telefono1');
INSERT INTO clientes ("id","rif","nombre_cliente","connections","logo","created_at","updated_at","enabled","name_bd_table","name_bd_column_numero_control","name_bd_column_fecha_emision","name_bd_column_fecha_emision_format","name_bd_column_fecha_asignacion","name_bd_column_fecha_asignacion_format","name_bd_column_numero_documento","name_bd_column_numero_documento_format","name_bd_table_coletilla","url_prod","url_qa","is_prod","name_bd_column_tipo_documento","name_bd_column_tipo_documento_format","name_bd_column_tipo_documento_view_pdf_format","numero_control_view_pdf_format","encrypt_url_format","encrypt_url_format_order","name_bd_column_encrypt","name_bd_column_encrypt_others","name_bd_column_rif","name_bd_column_razon_social","name_bd_column_codigo_operacion","name_bd_column_serie","name_bd_column_hora_emision","name_bd_column_status","name_bd_column_motivo_anulacion","name_bd_column_fecha_anulacion","name_bd_column_hora_anulacion","name_bd_column_neto_pagar","name_bd_column_igtf","name_bd_column_total_pagar","name_bd_column_base_imponible","name_bd_column_monto_iva","name_bd_column_monto_exento","name_bd_column_monto_no_sujeto","name_bd_column_serie_format","name_bd_column_codigo_operacion_format","name_bd_column_correo_cliente","name_bd_column_telefono_cliente") VALUES(6,'J-30083118-3','BANESCO SEGUROS, C.A.','PROD_BanescoSeguros','/uploads/logo_clientes/89be7283e431d9b7aaf3e1789ed5e4ac.jpg','2023-12-10 15:06:56.911','2023-12-10 15:06:58.800',1,'factura','id_unico','FechaDocumento','YYYY-MM-DD','fecharetencioncomprobante','YYYY-MM-DD','NumeroDocumento',NULL,NULL,'https://wakalbanesco-seguros.solucioneslaser.com/Aplicacion/Busquedas/visualizar.php?num={{encrypt}}',NULL,1,'TipoDocumento','{"placeholder":["Factura","Nota de Debito","Nota de Crédito"],"values":[["1"],["2"],["3"]]}',NULL,0,'["base64"]','{{numero_control}}',NULL,NULL,'RIFCliente','nombre',NULL,NULL,'HoraEmision',NULL,NULL,NULL,NULL,'total_pagar','base_imponible_calidad_responsable','total_pagar','MontoBaseimponibleIVA','MontoIva','MontoExento','Precio',NULL,'6512',NULL,NULL);
INSERT INTO clientes ("id","rif","nombre_cliente","connections","logo","created_at","updated_at","enabled","name_bd_table","name_bd_column_numero_control","name_bd_column_fecha_emision","name_bd_column_fecha_emision_format","name_bd_column_fecha_asignacion","name_bd_column_fecha_asignacion_format","name_bd_column_numero_documento","name_bd_column_numero_documento_format","name_bd_table_coletilla","url_prod","url_qa","is_prod","name_bd_column_tipo_documento","name_bd_column_tipo_documento_format","name_bd_column_tipo_documento_view_pdf_format","numero_control_view_pdf_format","encrypt_url_format","encrypt_url_format_order","name_bd_column_encrypt","name_bd_column_encrypt_others","name_bd_column_rif","name_bd_column_razon_social","name_bd_column_codigo_operacion","name_bd_column_serie","name_bd_column_hora_emision","name_bd_column_status","name_bd_column_motivo_anulacion","name_bd_column_fecha_anulacion","name_bd_column_hora_anulacion","name_bd_column_neto_pagar","name_bd_column_igtf","name_bd_column_total_pagar","name_bd_column_base_imponible","name_bd_column_monto_iva","name_bd_column_monto_exento","name_bd_column_monto_no_sujeto","name_bd_column_serie_format","name_bd_column_codigo_operacion_format","name_bd_column_correo_cliente","name_bd_column_telefono_cliente") VALUES(7,'J-08518977-7','DROGUERIA NENA C.A.','PROD_dronena','/uploads/logo_clientes/691cadcbc3ceafb3418e86de876822c6.jpg','2023-12-10 15:06:56.911','2023-12-10 15:06:58.800',1,'Encabezado','NUMCONTROL','FECHADOC','YYYY-MM-DD','FECHACONTROL','YYYY-MM-DD','NUMERODOC',NULL,NULL,'https://getdocdigital-dronena.solucioneslaser.com/dronena-war/recursos/documento/ver/{{encrypt}}',NULL,1,'TIPODOC','{"placeholder":["Factura","Nota de Debito","Nota de Crédito","Nota de Entrega"],"values":[["FA"],["ND"],["NC"],["NE"]]}',NULL,0,NULL,NULL,'CONTROLECRIPT',NULL,'RIF','NOMCLI1',NULL,'SERIE','HORADOC','ESTATUS','MOTIVO','FECHAANULADO','HORAANULADO','TOTAL','LINEAPIE3','TOTAL','GRAVADO','MONTOIMPUESTO','EXENTO',NULL,NULL,'4649','correo',NULL);
INSERT INTO clientes ("id","rif","nombre_cliente","connections","logo","created_at","updated_at","enabled","name_bd_table","name_bd_column_numero_control","name_bd_column_fecha_emision","name_bd_column_fecha_emision_format","name_bd_column_fecha_asignacion","name_bd_column_fecha_asignacion_format","name_bd_column_numero_documento","name_bd_column_numero_documento_format","name_bd_table_coletilla","url_prod","url_qa","is_prod","name_bd_column_tipo_documento","name_bd_column_tipo_documento_format","name_bd_column_tipo_documento_view_pdf_format","numero_control_view_pdf_format","encrypt_url_format","encrypt_url_format_order","name_bd_column_encrypt","name_bd_column_encrypt_others","name_bd_column_rif","name_bd_column_razon_social","name_bd_column_codigo_operacion","name_bd_column_serie","name_bd_column_hora_emision","name_bd_column_status","name_bd_column_motivo_anulacion","name_bd_column_fecha_anulacion","name_bd_column_hora_anulacion","name_bd_column_neto_pagar","name_bd_column_igtf","name_bd_column_total_pagar","name_bd_column_base_imponible","name_bd_column_monto_iva","name_bd_column_monto_exento","name_bd_column_monto_no_sujeto","name_bd_column_serie_format","name_bd_column_codigo_operacion_format","name_bd_column_correo_cliente","name_bd_column_telefono_cliente") VALUES(8,'J-31650803-0','SOLUCIONES DE LOCALIZACION TRACKER,  C.A.','PROD_tracker','/uploads/logo_clientes/882014e7776fd0c8a669338bba79f877.jpg','2023-12-10 15:06:56.911','2023-12-10 15:06:58.800',1,'(SELECT f.*,a.motivo AS motivo_anulado, a.fecha AS fecha_anulado,a.hora AS hora_anulado FROM factura f LEFT JOIN anulado a ON f.id_unico = a.nro_control) as encabezado','id_unico','FechaDocumento','YYYY-MM-DD','FechaDocumento','YYYY-MM-DD','NumeroDocumento',NULL,NULL,'https://portaldocdigital-tracker.solucioneslaser.com/Aplicacion/Busquedas/visualizar.php?num={{encrypt}}',NULL,1,'TipoDocumento','{"placeholder":["Factura","Nota de Debito","Nota de Crédito"],"values":[["1"],["2"],["3"]]}',NULL,0,NULL,'{{numero_control}}',NULL,NULL,'RIFCliente','nombre','CodigoOperacion',NULL,'HoraEmision',NULL,'motivo_anulado','fecha_anulado','hora_anulado','total_neto','igtf','total_pagar','MontoBaseimponibleIVA','MontoIva','MontoExento',NULL,NULL,NULL,'email','telefono');
INSERT INTO clientes ("id","rif","nombre_cliente","connections","logo","created_at","updated_at","enabled","name_bd_table","name_bd_column_numero_control","name_bd_column_fecha_emision","name_bd_column_fecha_emision_format","name_bd_column_fecha_asignacion","name_bd_column_fecha_asignacion_format","name_bd_column_numero_documento","name_bd_column_numero_documento_format","name_bd_table_coletilla","url_prod","url_qa","is_prod","name_bd_column_tipo_documento","name_bd_column_tipo_documento_format","name_bd_column_tipo_documento_view_pdf_format","numero_control_view_pdf_format","encrypt_url_format","encrypt_url_format_order","name_bd_column_encrypt","name_bd_column_encrypt_others","name_bd_column_rif","name_bd_column_razon_social","name_bd_column_codigo_operacion","name_bd_column_serie","name_bd_column_hora_emision","name_bd_column_status","name_bd_column_motivo_anulacion","name_bd_column_fecha_anulacion","name_bd_column_hora_anulacion","name_bd_column_neto_pagar","name_bd_column_igtf","name_bd_column_total_pagar","name_bd_column_base_imponible","name_bd_column_monto_iva","name_bd_column_monto_exento","name_bd_column_monto_no_sujeto","name_bd_column_serie_format","name_bd_column_codigo_operacion_format","name_bd_column_correo_cliente","name_bd_column_telefono_cliente") VALUES(9,'J-00102174-4','ZOOM INTERNATIONAL SERVICES, C.A','PROD_WakalZoom','/uploads/logo_clientes/26bd197d4af3abd584ff2afa93e0a882.jpg','2023-12-10 15:06:56.911','2023-12-10 15:06:58.800',1,'encabezado','numcontrol','fecha_emision','YYYY-MM-DD','fecha_control','YYYY-MM-DD','nrodocumento','F-0000000001;NC-000000003;ND-000000001',NULL,'https://zoomws.solucioneslaser.com/SWakalZoom-war/recursos/documento/ver/{{encrypt}}',NULL,1,'tipodoccumento','{"placeholder":["Factura","Nota de Debito","Nota de Crédito"],"values":[["FA"],["ND"],["NC"]]}',NULL,1,NULL,'{{numero_control}}',NULL,NULL,'rifcli','nombrecli','codigo_ciiu',NULL,'horaemision','estatus','motivo','fechahoraanulado',NULL,'totalpagar','igtf','totalpagar','baseimp','montoiva','excento',NULL,NULL,NULL,'correocli','telefonocli');
INSERT INTO clientes ("id","rif","nombre_cliente","connections","logo","created_at","updated_at","enabled","name_bd_table","name_bd_column_numero_control","name_bd_column_fecha_emision","name_bd_column_fecha_emision_format","name_bd_column_fecha_asignacion","name_bd_column_fecha_asignacion_format","name_bd_column_numero_documento","name_bd_column_numero_documento_format","name_bd_table_coletilla","url_prod","url_qa","is_prod","name_bd_column_tipo_documento","name_bd_column_tipo_documento_format","name_bd_column_tipo_documento_view_pdf_format","numero_control_view_pdf_format","encrypt_url_format","encrypt_url_format_order","name_bd_column_encrypt","name_bd_column_encrypt_others","name_bd_column_rif","name_bd_column_razon_social","name_bd_column_codigo_operacion","name_bd_column_serie","name_bd_column_hora_emision","name_bd_column_status","name_bd_column_motivo_anulacion","name_bd_column_fecha_anulacion","name_bd_column_hora_anulacion","name_bd_column_neto_pagar","name_bd_column_igtf","name_bd_column_total_pagar","name_bd_column_base_imponible","name_bd_column_monto_iva","name_bd_column_monto_exento","name_bd_column_monto_no_sujeto","name_bd_column_serie_format","name_bd_column_codigo_operacion_format","name_bd_column_correo_cliente","name_bd_column_telefono_cliente") VALUES(10,'J-00091991-7','DOCUMENTOS MERCANTILES, S.A. DOMESA','PROD_Domesa','/uploads/logo_clientes/fcf7eddf7f6ed4f7437c6c9818d3b80f.jpg','2023-12-10 15:06:56.911','2023-12-10 15:06:58.800',1,'( SELECT convert(date, EncabezadoFactura.FECHEMIS, 104) AS fechaemision, EncabezadoFactura.NUMEROCONTROL AS control, EncabezadoFactura.NROFACT AS nro_Fac, EncabezadoFactura.NRORIF AS rif, EncabezadoFactura.TIPODOCUMENTO, EncabezadoFactura.OBSERV4 AS hora, EncabezadoFactura.NUMEROCONTROLENCRIPTADO, EncabezadoFactura.STATUSANULACION, SUBSTRING(EncabezadoFactura.FECHAHORA, 7, 4) || ''-'' || SUBSTRING(EncabezadoFactura.FECHAHORA, 4, 2) || ''-'' || SUBSTRING(EncabezadoFactura.FECHAHORA, 1, 2) AS FECHAASIGNA FROM EncabezadoFactura, ReporteDatos WHERE EncabezadoFactura.NUMEROCONTROL = ReporteDatos.TIPODOCUMENTO UNION ALL SELECT CONVERT( date, DIAEMI1 + ''-'' + MESEMI1 + ''-'' + ANOEMI1, 104 ) AS fechaemision, EncabezadoCredito.NUMEROCONTROL AS control, NRONCR1 AS nro_Fac, NRORIF1 AS rif, EncabezadoCredito.TIPODOCUMENTO, '''' AS hora, EncabezadoCredito.NUMEROCONTROLENCRIPTADO, EncabezadoCredito.STATUSANULACION, SUBSTRING(EncabezadoCredito.FECHAHORA, 7, 4) || ''-'' || SUBSTRING(EncabezadoCredito.FECHAHORA, 4, 2) || ''-'' || SUBSTRING(EncabezadoCredito.FECHAHORA, 1, 2) AS FECHAASIGNA FROM EncabezadoCredito, ReporteDatos WHERE EncabezadoCredito.NUMEROCONTROL = ReporteDatos.TIPODOCUMENTO ) AS encabezado','control','fechaemision','DD-MM-YYYY','FECHAASIGNA','DD-MM-YYYY','nro_Fac',NULL,NULL,'https://wsdomesa.solucioneslaser.com/domesaService-war/recursos/documento/pdf/{{encrypt}}',NULL,1,'TIPODOCUMENTO','{"placeholder":["Factura","Nota de Debito","Nota de Crédito","Guia de Despacho"],"values":[["1", "2"],["5"],["3"],["4"]]}',NULL,1,NULL,NULL,'NUMEROCONTROLENCRIPTADO',NULL,NULL,NULL,NULL,NULL,NULL,NULL,NULL,NULL,NULL,NULL,NULL,NULL,NULL,NULL,NULL,NULL,NULL,NULL,NULL,NULL);
INSERT INTO clientes ("id","rif","nombre_cliente","connections","logo","created_at","updated_at","enabled","name_bd_table","name_bd_column_numero_control","name_bd_column_fecha_emision","name_bd_column_fecha_emision_format","name_bd_column_fecha_asignacion","name_bd_column_fecha_asignacion_format","name_bd_column_numero_documento","name_bd_column_numero_documento_format","name_bd_table_coletilla","url_prod","url_qa","is_prod","name_bd_column_tipo_documento","name_bd_column_tipo_documento_format","name_bd_column_tipo_documento_view_pdf_format","numero_control_view_pdf_format","encrypt_url_format","encrypt_url_format_order","name_bd_column_encrypt","name_bd_column_encrypt_others","name_bd_column_rif","name_bd_column_razon_social","name_bd_column_codigo_operacion","name_bd_column_serie","name_bd_column_hora_emision","name_bd_column_status","name_bd_column_motivo_anulacion","name_bd_column_fecha_anulacion","name_bd_column_hora_anulacion","name_bd_column_neto_pagar","name_bd_column_igtf","name_bd_column_total_pagar","name_bd_column_base_imponible","name_bd_column_monto_iva","name_bd_column_monto_exento","name_bd_column_monto_no_sujeto","name_bd_column_serie_format","name_bd_column_codigo_operacion_format","name_bd_column_correo_cliente","name_bd_column_telefono_cliente") VALUES(11,'G-20000199-2','INSTITUTO MUNICIPAL DEL AMBIENTE','PROD_wsima','/uploads/logo_clientes/16c608c841cf4ac8e4f8a6e7f10a5672.jpg','2023-12-10 15:06:56.911','2023-12-10 15:06:58.800',1,'Encabezado','nrocontrol','convert(date,fecha,104)','DD-MM-YYYY','convert(date,fechanrocontrol,104)','DD-MM-YYYY','nrodocumento',NULL,NULL,'https://wsima.solucioneslaser.com/wsima-war/recursos/documento/ver/{{encrypt}}',NULL,1,'tipodocumento','{"placeholder":["Factura","Nota de Debito","Nota de Crédito"],"values":[["FA"],["ND"],["NC"]]}',NULL,1,NULL,'{{tipo_documento}}-{{numero_documento}}/{{numero_control}}',NULL,NULL,'rif','razon',NULL,NULL,'hora','estatus','motivo','fechahoraanulado',NULL,'total',NULL,'total','base','iva','excento',NULL,NULL,'9609','correo',NULL);
INSERT INTO clientes ("id","rif","nombre_cliente","connections","logo","created_at","updated_at","enabled","name_bd_table","name_bd_column_numero_control","name_bd_column_fecha_emision","name_bd_column_fecha_emision_format","name_bd_column_fecha_asignacion","name_bd_column_fecha_asignacion_format","name_bd_column_numero_documento","name_bd_column_numero_documento_format","name_bd_table_coletilla","url_prod","url_qa","is_prod","name_bd_column_tipo_documento","name_bd_column_tipo_documento_format","name_bd_column_tipo_documento_view_pdf_format","numero_control_view_pdf_format","encrypt_url_format","encrypt_url_format_order","name_bd_column_encrypt","name_bd_column_encrypt_others","name_bd_column_rif","name_bd_column_razon_social","name_bd_column_codigo_operacion","name_bd_column_serie","name_bd_column_hora_emision","name_bd_column_status","name_bd_column_motivo_anulacion","name_bd_column_fecha_anulacion","name_bd_column_hora_anulacion","name_bd_column_neto_pagar","name_bd_column_igtf","name_bd_column_total_pagar","name_bd_column_base_imponible","name_bd_column_monto_iva","name_bd_column_monto_exento","name_bd_column_monto_no_sujeto","name_bd_column_serie_format","name_bd_column_codigo_operacion_format","name_bd_column_correo_cliente","name_bd_column_telefono_cliente") VALUES(12,'J-31286704-3','TODOTICKET  2004 C.A','PROD_todoticket','/uploads/logo_clientes/94673de3835f63b7f7517f4497872191.jpg','2023-12-10 15:06:56.911','2023-12-10 15:06:58.800',1,'( SELECT e.*, r.* ,i.correo_cliente   FROM encabezado e  LEFT JOIN resumen r ON e.control = r.control  LEFT JOIN imprenta i ON e.control = i.control ) as encabezado','controln','fechaemisiondate','YYYY-MM-DD','fechaemisiondate','YYYY-MM-DD','num_fact',NULL,NULL,'https://wstodoticket.solucioneslaser.com/todoticketservicio-war/recursos/documento/pdf/{{encrypt}}',NULL,1,'tipo','{"placeholder": ["Factura","Nota de Debito","Nota de Crédito"],"values": [["F1","F2"], ["ND"], ["NC"]]}',NULL,1,'["codificar","base64"]','{{numero_control}}{{tipo_documento}}',NULL,NULL,'rif_cliente','razon_cliente',NULL,NULL,'hora_emision','anulado','motivo','fehca_anulacion','hora_anulacion','monto_total','rubro_monto_igtf_3','monto_total','base_impo_16','iva_16',NULL,NULL,NULL,'9609','correo_cliente','telefono');
INSERT INTO clientes ("id","rif","nombre_cliente","connections","logo","created_at","updated_at","enabled","name_bd_table","name_bd_column_numero_control","name_bd_column_fecha_emision","name_bd_column_fecha_emision_format","name_bd_column_fecha_asignacion","name_bd_column_fecha_asignacion_format","name_bd_column_numero_documento","name_bd_column_numero_documento_format","name_bd_table_coletilla","url_prod","url_qa","is_prod","name_bd_column_tipo_documento","name_bd_column_tipo_documento_format","name_bd_column_tipo_documento_view_pdf_format","numero_control_view_pdf_format","encrypt_url_format","encrypt_url_format_order","name_bd_column_encrypt","name_bd_column_encrypt_others","name_bd_column_rif","name_bd_column_razon_social","name_bd_column_codigo_operacion","name_bd_column_serie","name_bd_column_hora_emision","name_bd_column_status","name_bd_column_motivo_anulacion","name_bd_column_fecha_anulacion","name_bd_column_hora_anulacion","name_bd_column_neto_pagar","name_bd_column_igtf","name_bd_column_total_pagar","name_bd_column_base_imponible","name_bd_column_monto_iva","name_bd_column_monto_exento","name_bd_column_monto_no_sujeto","name_bd_column_serie_format","name_bd_column_codigo_operacion_format","name_bd_column_correo_cliente","name_bd_column_telefono_cliente") VALUES(13,'J-30259700-5','GALAXY ENTERTAINMENT DE VENEZUELA, S.C.A.','PROD_simpletv032','/uploads/logo_clientes/e3f3b6ce8b75dafc2ff5a13c47910932.jpg','2023-12-10 15:06:56.911','2023-12-10 15:06:58.800',1,'{{Mes}}Encabezado','controln','fecha_emisiond','YYYY-MM-DD','fecha_asignacion','YYYY-MM-DD','numero_factura',NULL,'coletilla','https://wsdocdigital-simpletv.solucioneslaser.com/simpleTv032172023-war/recursos/documento/pdf/{{encrypt}}',NULL,1,'invodoctupe','{"placeholder":["Factura","Nota de Debito","Nota de Crédito"],"values":[["1"],["3"],["2"]]}','["FC", "ND", "NC"]',0,'["codificar","base64"]','{{mes}}{{tipo_documento}}{{numero_documento}}',NULL,NULL,'cedula_rif','nombre_cliente',NULL,NULL,'hora_emision',NULL,NULL,NULL,NULL,'total_bs','amountigtf','total_bs','monto_bs','iva_bs',NULL,NULL,NULL,'420','email','telefono');
INSERT INTO clientes ("id","rif","nombre_cliente","connections","logo","created_at","updated_at","enabled","name_bd_table","name_bd_column_numero_control","name_bd_column_fecha_emision","name_bd_column_fecha_emision_format","name_bd_column_fecha_asignacion","name_bd_column_fecha_asignacion_format","name_bd_column_numero_documento","name_bd_column_numero_documento_format","name_bd_table_coletilla","url_prod","url_qa","is_prod","name_bd_column_tipo_documento","name_bd_column_tipo_documento_format","name_bd_column_tipo_documento_view_pdf_format","numero_control_view_pdf_format","encrypt_url_format","encrypt_url_format_order","name_bd_column_encrypt","name_bd_column_encrypt_others","name_bd_column_rif","name_bd_column_razon_social","name_bd_column_codigo_operacion","name_bd_column_serie","name_bd_column_hora_emision","name_bd_column_status","name_bd_column_motivo_anulacion","name_bd_column_fecha_anulacion","name_bd_column_hora_anulacion","name_bd_column_neto_pagar","name_bd_column_igtf","name_bd_column_total_pagar","name_bd_column_base_imponible","name_bd_column_monto_iva","name_bd_column_monto_exento","name_bd_column_monto_no_sujeto","name_bd_column_serie_format","name_bd_column_codigo_operacion_format","name_bd_column_correo_cliente","name_bd_column_telefono_cliente") VALUES(14,'J-00220608-0','TRANSFERENCIAS Y ENCOMIENDAS ANGULO LOPEZ, C.A.','PROD_tealca032','/uploads/logo_clientes/2904169cca9f0e6536032a77213efcea.jpg','2024-03-27 16:20:28.124','2024-03-27 16:20:28.124',1,'encabezado','num_control','fecha_proceso','YYYY-MM-DD','fecha_proceso','YYYY-MM-DD','num_documento',NULL,NULL,'https://getdocdigital-tealca.solucioneslaser.com/Tealca/recursos/documento/ver/{{encrypt}}',NULL,1,'document_type','{"placeholder":["Factura","Nota de Debito","Nota de Crédito"],"values":[["invoice"],["debit_note"],["credit_note"]]}',NULL,0,NULL,NULL,'num_control_encriptado',NULL,'customer_document','customer_nombre',NULL,NULL,'hora_proceso','is_anulado','motivo_anulado','fechaAnulacion','HoraAnulacion','total','igtf_amount','total_without_igtf','taxable_total','iva_amount','non_taxable_total',NULL,NULL,NULL,'correo',NULL);
INSERT INTO clientes ("id","rif","nombre_cliente","connections","logo","created_at","updated_at","enabled","name_bd_table","name_bd_column_numero_control","name_bd_column_fecha_emision","name_bd_column_fecha_emision_format","name_bd_column_fecha_asignacion","name_bd_column_fecha_asignacion_format","name_bd_column_numero_documento","name_bd_column_numero_documento_format","name_bd_table_coletilla","url_prod","url_qa","is_prod","name_bd_column_tipo_documento","name_bd_column_tipo_documento_format","name_bd_column_tipo_documento_view_pdf_format","numero_control_view_pdf_format","encrypt_url_format","encrypt_url_format_order","name_bd_column_encrypt","name_bd_column_encrypt_others","name_bd_column_rif","name_bd_column_razon_social","name_bd_column_codigo_operacion","name_bd_column_serie","name_bd_column_hora_emision","name_bd_column_status","name_bd_column_motivo_anulacion","name_bd_column_fecha_anulacion","name_bd_column_hora_anulacion","name_bd_column_neto_pagar","name_bd_column_igtf","name_bd_column_total_pagar","name_bd_column_base_imponible","name_bd_column_monto_iva","name_bd_column_monto_exento","name_bd_column_monto_no_sujeto","name_bd_column_serie_format","name_bd_column_codigo_operacion_format","name_bd_column_correo_cliente","name_bd_column_telefono_cliente") VALUES(15,'J-30818251-6','CORPORACION FIBEX TELECOM, C.A.','PROD_fibex','/uploads/logo_clientes/27b8c957dd138fa1ca2fbdf46bcc8530.jpg','2024-03-27 16:21:55.066','2024-03-27 16:21:55.066',1,'encabezado','nrocontrol','convert(date,fechaemision,103)','DD/MM/YYYY','convert(date,fechacontrol,103)','DD/MM/YYYY','nrodocumento',NULL,NULL,'https://wsdocdigital-fibex.solucioneslaser.com/fibex-war/recursos/documento/ver/{{encrypt}}',NULL,1,'tipodocumento','{"placeholder":["Factura","Nota de Debito","Nota de Crédito"],"values":[["FA"],["ND"],["NC"]]}',NULL,0,NULL,'{{tipo_documento}}-{{numero_documento}}',NULL,NULL,'rif','razonsocial',NULL,NULL,'horaemision','estatus','motivo','fechahoraanulado',NULL,'totalpagarbs','igtfbs','totalpagarbs','baseimpbs','ivabs','totalpagarbs',NULL,NULL,'6190','correocli','telefono');
INSERT INTO clientes ("id","rif","nombre_cliente","connections","logo","created_at","updated_at","enabled","name_bd_table","name_bd_column_numero_control","name_bd_column_fecha_emision","name_bd_column_fecha_emision_format","name_bd_column_fecha_asignacion","name_bd_column_fecha_asignacion_format","name_bd_column_numero_documento","name_bd_column_numero_documento_format","name_bd_table_coletilla","url_prod","url_qa","is_prod","name_bd_column_tipo_documento","name_bd_column_tipo_documento_format","name_bd_column_tipo_documento_view_pdf_format","numero_control_view_pdf_format","encrypt_url_format","encrypt_url_format_order","name_bd_column_encrypt","name_bd_column_encrypt_others","name_bd_column_rif","name_bd_column_razon_social","name_bd_column_codigo_operacion","name_bd_column_serie","name_bd_column_hora_emision","name_bd_column_status","name_bd_column_motivo_anulacion","name_bd_column_fecha_anulacion","name_bd_column_hora_anulacion","name_bd_column_neto_pagar","name_bd_column_igtf","name_bd_column_total_pagar","name_bd_column_base_imponible","name_bd_column_monto_iva","name_bd_column_monto_exento","name_bd_column_monto_no_sujeto","name_bd_column_serie_format","name_bd_column_codigo_operacion_format","name_bd_column_correo_cliente","name_bd_column_telefono_cliente") VALUES(16,'J-30819225-2','RUTAS AEREAS DE VENEZUELA RAV, S.A. (RAVSA)','PROD_venezolana-service','/uploads/logo_clientes/55081230568391f44c7e1cbdecd521c1.jpg','2024-03-27 13:05:58.695','2024-03-27 13:05:58.695',1,'( SELECT e.*, t.subtotalesUSD, t.subtotalesVED, t.ExentoUSD, t.ExentoVED, t.bigUSD16, t.bigVED16, t.ivaUSD16, t.ivaVED16, t.bigUSD8, t.bigVED8, t.ivaUSD8, t.ivaVED8, t.totalUSD, t.totalVED, t.igtfUSD, t.igtfVED, t.TotalPagarUSD, t.TotalPagarVED, t.comisionUSD, t.comisionVED, t.baseUSD, t.baseVED, t.iva0USD, t.iva0VED  FROM encabezado e LEFT JOIN totales t ON e.nroControl = t.nroControl ) AS Encabezado','nroControl','FechaEmision','YYYY-MM-DD','fechaEmision','YYYY-MM-DD','nroDocumento','000000028015',NULL,'https://wsdocdigital-lavzlana.solucioneslaser.com/Venezolana-war/recursos/doc/generar/{{encrypt}}',NULL,1,'tipoDoc','{"placeholder":["Factura","Nota de Debito","Nota de Crédito"],"values":[["FA"],["ND"],["NC"]]}',NULL,0,NULL,NULL,'encriptacion',NULL,'rif','razonSocial',NULL,'serie','horaEmision','statusAnulacion','motivoAnulacion','fechaAnulacion',NULL,'subtotalesVED','igtfVED','totalVED','ivaVED16','ivaVED8','ExentoVED',NULL,'{"placeholder": ["AGV","SERIE A","SERIE B","SERIE C","SERIE D","SERIE E","SERIE F","SERIE H","SERIE I","SERIE K","SERIE L","SERIE M","SERIE O"],"values": [["AGV"],["SERIE A"],["SERIE B"],["SERIE C"],["SERIE D"],["SERIE E"],["SERIE F"],["SERIE H"],["SERIE I"],["SERIE K"],["SERIE L"],["SERIE M"],["SERIE O"]]}','9609','email',NULL);
INSERT INTO clientes ("id","rif","nombre_cliente","connections","logo","created_at","updated_at","enabled","name_bd_table","name_bd_column_numero_control","name_bd_column_fecha_emision","name_bd_column_fecha_emision_format","name_bd_column_fecha_asignacion","name_bd_column_fecha_asignacion_format","name_bd_column_numero_documento","name_bd_column_numero_documento_format","name_bd_table_coletilla","url_prod","url_qa","is_prod","name_bd_column_tipo_documento","name_bd_column_tipo_documento_format","name_bd_column_tipo_documento_view_pdf_format","numero_control_view_pdf_format","encrypt_url_format","encrypt_url_format_order","name_bd_column_encrypt","name_bd_column_encrypt_others","name_bd_column_rif","name_bd_column_razon_social","name_bd_column_codigo_operacion","name_bd_column_serie","name_bd_column_hora_emision","name_bd_column_status","name_bd_column_motivo_anulacion","name_bd_column_fecha_anulacion","name_bd_column_hora_anulacion","name_bd_column_neto_pagar","name_bd_column_igtf","name_bd_column_total_pagar","name_bd_column_base_imponible","name_bd_column_monto_iva","name_bd_column_monto_exento","name_bd_column_monto_no_sujeto","name_bd_column_serie_format","name_bd_column_codigo_operacion_format","name_bd_column_correo_cliente","name_bd_column_telefono_cliente") VALUES(17,'J-003274445','Cestaticket Services, C.A','PROD_Cestaticket','/uploads/logo_clientes/85e9e2e4b12ebefff8297733acbea999.jpg','2024-05-13 16:12:50.835','2024-05-13 16:12:50.835',1,'(  SELECT *  FROM (  ( SELECT  DISTINCT * FROM  ( SELECT otras.control, ''D'' as serie, otras.rif as rif, otras.factura_fiscal_nro as numdoc, CAST(otras.total_factura AS VARCHAR) as total_neto_pagar, ''0.00'' as IGTF, CAST(otras.total_factura AS VARCHAR) as total_a_pagar, CAST(otras.base_imponible as VARCHAR) as base_imponible_iva, CAST(otras.total_iva as VARCHAR) as monto_iva, CAST(otras.monto_no_sujeto_a_iva as VARCHAR) as monto_no_sujeto, otras.fecha_asignacion as fecha_asignacion, ''otras_factura'' as tabla, ''otras/FA'' as ruta_url, ''FA'' as tipoDoc, otras.fecha_emision as fecha_emision, otras.fecha_emision_texto as hora_emision, otras.nombre_cliente as nombre_cliente, NULL as tipoFacturaEmision, NULL as montoNoGravable, NULL as tipoFacturaCredito, a.motivo_anulacion, a.fecha_anulacion, a.hora_anulacion, correo, '''' as telefono FROM otras_factura otras LEFT JOIN anulado a ON otras.control = a.nro_control UNION ALL SELECT seried.control, ''D'' as serie, seried.cirif as rif, seried.numnot as numdoc, seried.totnotcre as total_neto_pagar, ''0.00'' as IGTF, seried.monto as total_a_pagar, seried.basimp as base_imponible_iva, seried.iva as monto_iva, seried.monnosujiva as monto_no_sujeto, seried.fecasi as fecha_asignacion, ''seried_notas'' as tabla, ''otras'' as ruta_url, CASE  WHEN tipo = ''01'' THEN ''NC''  WHEN tipo = ''02'' THEN ''ND''  ELSE ''x'' END AS tipoDoc, seried.fecemi as fecha_emision, seried.horemi as hora_emision, seried.cliente as nombre_cliente, NULL as tipoFacturaEmision, NULL as montoNoGravable, NULL as tipoFacturaCredito, a.motivo_anulacion, a.fecha_anulacion, a.hora_anulacion, correo, '''' as telefono FROM seried_notas seried LEFT JOIN anulado a ON seried.control = a.nro_control UNION ALL SELECT ef.control, ''A'' as serie, ef.rif as rif, ef.factura_fiscal_nro as numdoc, CAST(ef.monto_neto_a_pagar AS VARCHAR) as total_neto_pagar, ''0.00'' as IGTF, CAST(ef.monto_neto_a_pagar AS VARCHAR) as total_a_pagar, CAST(ef.base_imponible as VARCHAR) as base_imponible_iva, CAST(ef.total_iva as VARCHAR) as monto_iva, CAST(ef.monto_no_sujeto_a_iva as VARCHAR) as monto_no_sujeto, ef.fecha_asignacion as fecha_asignacion, ''emision_factura'' as tabla, ''emision/FA'' as ruta_url, ''FA'' as tipoDoc, ef.fecha_emision as fecha_emision, ef.fecha_emision_texto as hora_emision, ef.nombre_cliente as nombre_cliente, ef.tipo_factura as tipoFacturaEmision, ef.monto_nogravable as montoNoGravable, NULL as tipoFacturaCredito, a.motivo_anulacion, a.fecha_anulacion, a.hora_anulacion, mail_responsable as correo, telefono FROM emision_factura ef LEFT JOIN anulado a ON ef.control = a.nro_control UNION ALL SELECT ec.control, ''A'' as serie, ec.rif as rif, ec.numero_nc as numdoc, CAST(ec.total_nc AS VARCHAR) as total_neto_pagar, ''0.00'' as IGTF, CAST(ec.total_nc AS VARCHAR) as total_a_pagar, CAST(ec.base_imponible_comision as VARCHAR) as base_imponible_iva, CAST(ec.monto_iva_comision as VARCHAR) as monto_iva, CAST(ec.monto_no_sujeto_iva as VARCHAR) as monto_no_sujeto, ec.fecha_asignacion as fecha_asignacion, ''emision_credito'' as tabla, ''emision/NC'' as ruta_url, ''NC'' as tipoDoc, ec.fecha_emision as fecha_emision, ec.fecha_emision_texto as hora_emision, ec.nombre_cliente as nombre_cliente, NULL as tipoFacturaEmision, NULL as montoNoGravable, ''nah'' as tipoFacturaCredito, a.motivo_anulacion, a.fecha_anulacion, a.hora_anulacion, mail_responsable as correo, '''' as telefono FROM emision_credito ec LEFT JOIN anulado a ON ec.control = a.nro_control UNION ALL SELECT rf.control, ''B'' as serie, rf.rif as rif, rf.factura_fiscal_nro as numdoc, rf.total_factura as total_neto_pagar, ''0.00'' as IGTF, rf.total_reembolso as total_a_pagar, rf.base_imponible as base_imponible_iva, total_iva as monto_iva, ''0.00'' as monto_no_sujeto, rf.fecha_asignacion as fecha_asignacion, ''reembolso_factura'' as tabla, ''reembolso/FA'' as ruta_url, ''FA'' as tipoDoc, rf.fecha_emision as fecha_emision, rf.hora_asignacion as hora_emision, rf.nombre_afiliado as nombre_cliente, NULL as tipoFacturaEmision, NULL as montoNoGravable, NULL as tipoFacturaCredito, a.motivo_anulacion, a.fecha_anulacion, a.hora_anulacion, '''' as correo, '''' as telefono FROM reembolso_factura rf LEFT JOIN anulado a ON rf.control = a.nro_control UNION ALL SELECT serieb.control, ''B'' as serie, serieb.rif as rif, serieb.numnot as numdoc, serieb.totnot as total_neto_pagar, ''0.00'' as IGTF, serieb.monbs as total_a_pagar, serieb.basimp as base_imponible_iva, serieb.moniva as monto_iva, ''0.00'' as monto_no_sujeto, serieb.fecasi as fecha_asignacion, ''serieb_notas'' as tabla, ''reembolso'' as ruta_url, CASE  WHEN tipo in (''01'', ''03'') THEN ''NC''  WHEN tipo in (''02'', ''04'') THEN ''ND''  ELSE ''x'' END AS tipoDoc, serieb.fecemi as fecha_emision, serieb.horemi as hora_emision, serieb.nomafi as nombre_cliente, NULL as tipoFacturaEmision, NULL as montoNoGravable, NULL as tipoFacturaCredito, a.motivo_anulacion, a.fecha_anulacion, a.hora_anulacion, correo, '''' as telefono FROM serieb_notas serieb LEFT JOIN anulado a ON serieb.control = a.nro_control UNION ALL SELECT serieE.control, ''E'' as serie, serieE.rif as rif, serieE.numfac as numdoc, CAST(serieE.monnetpag AS VARCHAR) as total_neto_pagar, CAST(serieE.igtfext AS VARCHAR) as IGTF, CAST(serieE.totfac AS VARCHAR) as total_a_pagar, CAST(serieE.basimpcom as VARCHAR) as base_imponible_iva, CAST(serieE.ivacom as VARCHAR) as monto_iva, CAST(serieE.monnosujiva as VARCHAR) as monto_no_sujeto, serieE.fecasi as fecha_asignacion, ''seriee'' as tabla, ''seriee'' as ruta_url, CASE  WHEN tipfac IN (01, 03, 05, 06, 07, 08, 09, 10) THEN ''FA''  WHEN tipfac IN (02, 04, 11, 13, 15, 16) THEN ''NC''  WHEN tipfac IN (12, 14, 17, 18, 19, 20) THEN ''ND'' END AS tipoDoc, serieE.fecemi as fecha_emision, serieE.horemi as hora_emision, serieE.cliente as nombre_cliente, NULL as tipoFacturaEmision, NULL as montoNoGravable, NULL as tipoFacturaCredito, a.motivo_anulacion, a.fecha_anulacion, a.hora_anulacion, correo, telefono FROM seriee serieE LEFT JOIN anulado a ON serieE.control = a.nro_control  ) as Busqueda  ) as subquery ) ) as encabezado','control','fecha_emision','YYYY-MM-DD','fecha_asignacion','YYY-MM-DD','numdoc',NULL,NULL,'https://getdocdigitalcestaticket.solucioneslaser.com/cestaticket-war/recursos/documento/pdf/{{ruta_url}}/{{encrypt}}',NULL,1,'tipoDoc','{"placeholder":["Factura","Nota de Debito","Nota de Crédito"],"values":[["FA"],["ND"],["NC"]]}',NULL,0,'["base64"]','{{numero_documento}}',NULL,'ruta_url','rif','nombre_cliente',NULL,'serie','hora_emision',NULL,'motivo_anulacion','fecha_anulacion','hora_anulacion','total_neto_pagar','IGTF','total_a_pagar','base_imponible_iva','monto_iva',NULL,'monto_no_sujeto','{"placeholder": ["SERIE A","SERIE B","SERIE D","SERIE E"],"values": [["A"],["B"],["D"],["E"]]}','9999','correo','telefono');
INSERT INTO clientes ("id","rif","nombre_cliente","connections","logo","created_at","updated_at","enabled","name_bd_table","name_bd_column_numero_control","name_bd_column_fecha_emision","name_bd_column_fecha_emision_format","name_bd_column_fecha_asignacion","name_bd_column_fecha_asignacion_format","name_bd_column_numero_documento","name_bd_column_numero_documento_format","name_bd_table_coletilla","url_prod","url_qa","is_prod","name_bd_column_tipo_documento","name_bd_column_tipo_documento_format","name_bd_column_tipo_documento_view_pdf_format","numero_control_view_pdf_format","encrypt_url_format","encrypt_url_format_order","name_bd_column_encrypt","name_bd_column_encrypt_others","name_bd_column_rif","name_bd_column_razon_social","name_bd_column_codigo_operacion","name_bd_column_serie","name_bd_column_hora_emision","name_bd_column_status","name_bd_column_motivo_anulacion","name_bd_column_fecha_anulacion","name_bd_column_hora_anulacion","name_bd_column_neto_pagar","name_bd_column_igtf","name_bd_column_total_pagar","name_bd_column_base_imponible","name_bd_column_monto_iva","name_bd_column_monto_exento","name_bd_column_monto_no_sujeto","name_bd_column_serie_format","name_bd_column_codigo_operacion_format","name_bd_column_correo_cliente","name_bd_column_telefono_cliente") VALUES(18,'J-00012926-6','NESTLE VENEZUELA, S.A','wakalSL4_0','/uploads/logo_clientes/b43befbd8668b8c25e15f179f7840106.jpg','2024-05-25 13:18:34.614','2024-05-25 13:18:34.614',1,'(      SELECT e.nroControl, nroDocSL, cliente as nombre_cliente, serie, rif, totalBs as neto_pagar, igtfBs as igtf, subtotalBs as total_pagar, ivaBs as base_imponible, totalExentoBs as monto_iva, fechaEmisionContabilidad as fechaCarga, horaProceso, tipoDoc, encript, statusAnulacion, motivoAnulacion, fechaAnulacion, email as correo, telefono FROM Encabezado AS e LEFT JOIN sumario AS s ON e.nroControl = s.nroControl UNION ALL SELECT e.nroControlPreventa as nroControl, nroDocSL, nombreEmisor as nombre_cliente, serie, RIFEmisor as rif, Total as neto_pagar, igtf as igtf, Subtota as total_pagar, MontoIva as base_imponible, Texento as monto_iva, fechaCarga, horaCarga as horaProceso, tipoDoc, encript, statusAnulacion, motivoAnulacion, fechaAnulacion, correo, telfReceptor as telefono FROM Encabezado_Preventas AS e LEFT JOIN sumario_Preventas AS s ON e.nroControlPreventa = s.nroControlPreventa UNION ALL SELECT nroControl, nroDocSL, conductor as nombre_cliente, ''F'' as serie, ciConductor as rif, '''' as neto_pagar, '''' as igtf, '''' as total_pagar, '''' as base_imponible, '''' as monto_iva, fechaCarga, horaCarga as horaProceso, ''GD'' as tipoDoc, encript, '''' as statusAnulacion, '''' as motivoAnulacion, '''' as fechaAnulacion, correo, telefonoConductor as telefono FROM EncabezadoGuiaDespacho UNION ALL SELECT e.nroControlAutoFactura as nroControl, nroDocSL, CUS_Name as nombre_cliente, serie, CUS_RegCode as rif, ValorTotalBS as neto_pagar, '''' as igtf, TotalAmountBS as total_pagar, VAT16BS as base_imponible, TotalExtconDescBS as monto_iva, fechaCarga, horaCarga as horaProceso, ''FA'' as tipoDoc, encript, statusAnulacion, motivoAnulacion, fechaAnulacion, correo, '''' as telefono FROM Encabezado_AutoFactura AS e LEFT JOIN Sumario_AutoFactura AS s ON e.nroControlAutoFactura = s.nroControlAutoFactura ) as Encabezado','nroControl','fechaCarga','YYYY-MM-DD','fechaCarga','YYYY-MM-DD','nroDocSL',NULL,NULL,'https://getdocdigitalnestle.solucioneslaser.com/nestleFina-war/recursos/doc/pdf/{{encrypt}}',NULL,1,'tipoDoc','{"placeholder":["Factura","Nota de Debito","Nota de Crédito","Guia de Despacho"],"values":[["MI","F2","FA"],["MD","L2","ZL2"],["MC","ZC","RE"],["GD"]]}',NULL,0,NULL,NULL,'encript',NULL,'rif','nombre_cliente',NULL,'serie','horaProceso','statusAnulacion','motivoAnulacion','fechaAnulacion',NULL,'neto_pagar','igtf','total_pagar','base_imponible','monto_iva',NULL,NULL,'{"placeholder": ["SERIE A", "SERIE B", "SERIE D", "SERIE F", "SERIE G", "SERIE H", "SERIE I", "SERIE J", "SERIE K", "SERIE N", "SERIE O", "SERIE P", "SERIE Q", "SERIE U", "SERIE V", "SERIE Z"],"values": [["A"], ["B"], ["D"], ["F"], ["G"], ["H"], ["I"], ["J"], ["K"], ["N"], ["O"], ["P"], ["Q"], ["U"], ["V"], ["Z"]]}','1079','correo','telefono');
INSERT INTO clientes ("id","rif","nombre_cliente","connections","logo","created_at","updated_at","enabled","name_bd_table","name_bd_column_numero_control","name_bd_column_fecha_emision","name_bd_column_fecha_emision_format","name_bd_column_fecha_asignacion","name_bd_column_fecha_asignacion_format","name_bd_column_numero_documento","name_bd_column_numero_documento_format","name_bd_table_coletilla","url_prod","url_qa","is_prod","name_bd_column_tipo_documento","name_bd_column_tipo_documento_format","name_bd_column_tipo_documento_view_pdf_format","numero_control_view_pdf_format","encrypt_url_format","encrypt_url_format_order","name_bd_column_encrypt","name_bd_column_encrypt_others","name_bd_column_rif","name_bd_column_razon_social","name_bd_column_codigo_operacion","name_bd_column_serie","name_bd_column_hora_emision","name_bd_column_status","name_bd_column_motivo_anulacion","name_bd_column_fecha_anulacion","name_bd_column_hora_anulacion","name_bd_column_neto_pagar","name_bd_column_igtf","name_bd_column_total_pagar","name_bd_column_base_imponible","name_bd_column_monto_iva","name_bd_column_monto_exento","name_bd_column_monto_no_sujeto","name_bd_column_serie_format","name_bd_column_codigo_operacion_format","name_bd_column_correo_cliente","name_bd_column_telefono_cliente") VALUES(19,'J-50356478-4','Latitud Seguros C.A','PROD_LatitudSeguros','/uploads/logo_clientes/a0a9c472157e2618e15f2a6293011908.jpg','2024-06-03 14:02:20.383','2024-06-03 14:02:20.383',1,'documento','num_control_asignado','fecha_emision','YYYY-MM-DD','fecha_control_asignado','YYYY-MM-DD','num_documento_asignado',NULL,NULL,'https://wsdocdigitallatitud.solucioneslaser.com/LatitudSeguros/resources/document/fop/{{encrypt}}',NULL,1,'tipo_documento','{"placeholder":["Factura","Nota de Debito","Nota de Crédito"],"values":[["FAC","FA","FC"],["NC"],["ND"]]}',NULL,0,'["base64"]',NULL,NULL,NULL,'id_rif','razon_social','codigo_actividad',NULL,'hora_emision','estatus_anulacion','motivo_anulacion','fecha_anulacion','hora_anulacion','monto_subtotal_bs','monto_IGTF_bs','monto_subtotal_bs','monto_IGTF_bs','monto_iva_bs',NULL,'monto_subtotal_noSujeto_bs',NULL,NULL,'correo1','telefono1');

INSERT INTO usuarios_clientes ("id","user_id","cliente_id","created_at","updated_at") VALUES(0,35,1,'2024-04-18 16:23:28.792','2024-04-18 16:23:28.792');
INSERT INTO usuarios_clientes ("id","user_id","cliente_id","created_at","updated_at") VALUES(7,103,3,'2024-04-26 17:19:20.785','2024-04-26 17:19:20.785');
INSERT INTO usuarios_clientes ("id","user_id","cliente_id","created_at","updated_at") VALUES(8,104,1,'2024-05-06 13:52:25.397','2024-05-06 13:52:25.397');

INSERT INTO parametros ("id","name","tipo_input","placeholder","column_reference_cliente","created_at","updated_at") VALUES(1,'numero_control','text','Número de Control','','2024-05-06 21:10:05.328','2024-05-06 21:10:05.328');
INSERT INTO parametros ("id","name","tipo_input","placeholder","column_reference_cliente","created_at","updated_at") VALUES(2,'numero_documento','text','Número de Documento','','2024-05-06 21:10:05.340','2024-05-06 21:10:05.340');
INSERT INTO parametros ("id","name","tipo_input","placeholder","column_reference_cliente","created_at","updated_at") VALUES(3,'tipo_documento','selected','Tipo de Documento','name_bd_column_tipo_documento_format','2024-05-06 21:10:05.340','2024-05-06 21:10:05.340');
INSERT INTO parametros ("id","name","tipo_input","placeholder","column_reference_cliente","created_at","updated_at") VALUES(6,'rif','text','Número de RIF/CI','','2024-05-06 21:10:05.340','2024-05-06 21:10:05.340');
INSERT INTO parametros ("id","name","tipo_input","placeholder","column_reference_cliente","created_at","updated_at") VALUES(7,'codigo_operacion','date','Código de Operación','','2024-05-06 21:10:05.340','2024-05-06 21:10:05.340');
INSERT INTO parametros ("id","name","tipo_input","placeholder","column_reference_cliente","created_at","updated_at") VALUES(8,'razon_social','text','Razón Social','','2024-05-06 21:10:05.340','2024-05-06 21:10:05.340');
INSERT INTO parametros ("id","name","tipo_input","placeholder","column_reference_cliente","created_at","updated_at") VALUES(9,'serie','selected','Serie','name_bd_column_serie_format','2024-05-06 21:10:05.340','2024-05-06 21:10:05.340');
INSERT INTO parametros ("id","name","tipo_input","placeholder","column_reference_cliente","created_at","updated_at") VALUES(10,'numero_suscriptor','text','Número de Suscriptor/Cliente','','2024-05-06 21:10:05.355','2024-05-06 21:10:05.355');
INSERT INTO parametros ("id","name","tipo_input","placeholder","column_reference_cliente","created_at","updated_at") VALUES(12,'fecha','date','Rango de Fechas','','2024-05-30 16:53:40.249','2024-05-30 16:53:40.249');

INSERT INTO consultas ("id","nombre","cliente_id","created_at","updated_at") VALUES(1,'Número de Control',1,'2024-05-30 13:12:06.352','2024-05-30 13:12:06.352');
INSERT INTO consultas ("id","nombre","cliente_id","created_at","updated_at") VALUES(2,'Número de Documento',1,'2024-05-06 21:10:11.039','2024-05-06 21:10:11.039');
INSERT INTO consultas ("id","nombre","cliente_id","created_at","updated_at") VALUES(13,'Número de Control',2,'2024-05-06 21:10:30.280','2024-05-06 21:10:30.280');
INSERT INTO consultas ("id","nombre","cliente_id","created_at","updated_at") VALUES(14,'Número de Control',3,'2024-05-06 21:10:33.325','2024-05-06 21:10:33.325');
INSERT INTO consultas ("id","nombre","cliente_id","created_at","updated_at") VALUES(16,'Número de Documento',3,'2024-05-07 13:25:56.694','2024-05-07 13:25:56.694');
INSERT INTO consultas ("id","nombre","cliente_id","created_at","updated_at") VALUES(30,'Número de Control',4,'2024-05-07 13:35:17.882','2024-05-07 13:35:17.882');
INSERT INTO consultas ("id","nombre","cliente_id","created_at","updated_at") VALUES(31,'Número de Documento',4,'2024-05-07 13:35:17.905','2024-05-07 13:35:17.905');
INSERT INTO consultas ("id","nombre","cliente_id","created_at","updated_at") VALUES(32,'Número de Control',5,'2024-05-07 13:35:29.759','2024-05-07 13:35:29.759');
INSERT INTO consultas ("id","nombre","cliente_id","created_at","updated_at") VALUES(33,'Número de Documento',5,'2024-05-07 13:35:29.770','2024-05-07 13:35:29.770');
INSERT INTO consultas ("id","nombre","cliente_id","created_at","updated_at") VALUES(36,'Número de Control',7,'2024-05-07 13:35:39.243','2024-05-07 13:35:39.243');
INSERT INTO consultas ("id","nombre","cliente_id","created_at","updated_at") VALUES(37,'Número de Documento',7,'2024-05-07 13:35:39.254','2024-05-07 13:35:39.254');
INSERT INTO consultas ("id","nombre","cliente_id","created_at","updated_at") VALUES(38,'Número de Control',8,'2024-05-07 13:35:43.220','2024-05-07 13:35:43.220');
INSERT INTO consultas ("id","nombre","cliente_id","created_at","updated_at") VALUES(39,'Número de Documento',8,'2024-05-07 13:35:43.231','2024-05-07 13:35:43.231');
INSERT INTO consultas ("id","nombre","cliente_id","created_at","updated_at") VALUES(40,'Número de Control',9,'2024-05-07 13:35:46.752','2024-05-07 13:35:46.752');
INSERT INTO consultas ("id","nombre","cliente_id","created_at","updated_at") VALUES(41,'Número de Documento',9,'2024-05-07 13:35:46.760','2024-05-07 13:35:46.760');
INSERT INTO consultas ("id","nombre","cliente_id","created_at","updated_at") VALUES(42,'Número de Control',10,'2024-05-07 13:35:54.225','2024-05-07 13:35:54.225');
INSERT INTO consultas ("id","nombre","cliente_id","created_at","updated_at") VALUES(43,'Número de Documento',10,'2024-05-07 13:35:54.238','2024-05-07 13:35:54.238');
INSERT INTO consultas ("id","nombre","cliente_id","created_at","updated_at") VALUES(44,'Número de Control',11,'2024-05-07 13:35:58.698','2024-05-07 13:35:58.698');
INSERT INTO consultas ("id","nombre","cliente_id","created_at","updated_at") VALUES(45,'Número de Documento',11,'2024-05-07 13:35:58.709','2024-05-07 13:35:58.709');
INSERT INTO consultas ("id","nombre","cliente_id","created_at","updated_at") VALUES(46,'Número de Control',12,'2024-05-07 13:36:02.175','2024-05-07 13:36:02.175');
INSERT INTO consultas ("id","nombre","cliente_id","created_at","updated_at") VALUES(47,'Número de Documento',12,'2024-05-07 13:36:02.186','2024-05-07 13:36:02.186');
INSERT INTO consultas ("id","nombre","cliente_id","created_at","updated_at") VALUES(48,'Número de Control',13,'2024-05-07 13:36:05.765','2024-05-07 13:36:05.765');
INSERT INTO consultas ("id","nombre","cliente_id","created_at","updated_at") VALUES(49,'Número de Documento',13,'2024-05-07 13:36:05.774','2024-05-07 13:36:05.774');
INSERT INTO consultas ("id","nombre","cliente_id","created_at","updated_at") VALUES(50,'Número de Control',14,'2024-05-07 13:36:10.299','2024-05-07 13:36:10.299');
INSERT INTO consultas ("id","nombre","cliente_id","created_at","updated_at") VALUES(51,'Número de Documento',14,'2024-05-07 13:36:10.311','2024-05-07 13:36:10.311');
INSERT INTO consultas ("id","nombre","cliente_id","created_at","updated_at") VALUES(52,'Número de Control',15,'2024-05-07 13:36:14.250','2024-05-07 13:36:14.250');
INSERT INTO consultas ("id","nombre","cliente_id","created_at","updated_at") VALUES(53,'Número de Documento',15,'2024-05-07 13:36:14.262','2024-05-07 13:36:14.262');
INSERT INTO consultas ("id","nombre","cliente_id","created_at","updated_at") VALUES(54,'Número de Control',16,'2024-05-07 13:36:18.371','2024-05-07 13:36:18.371');
INSERT INTO consultas ("id","nombre","cliente_id","created_at","updated_at") VALUES(55,'Número de Documento',16,'2024-05-07 13:36:18.384','2024-05-07 13:36:18.384');
INSERT INTO consultas ("id","nombre","cliente_id","created_at","updated_at") VALUES(56,'Número de Documento',2,'2024-05-07 17:05:04.364','2024-05-07 17:05:04.364');
INSERT INTO consultas ("id","nombre","cliente_id","created_at","updated_at") VALUES(57,'Número de Control',17,'2024-05-13 16:42:31.698','2024-05-13 16:42:31.698');
INSERT INTO consultas ("id","nombre","cliente_id","created_at","updated_at") VALUES(58,'Número de Documento',17,'2024-05-13 16:42:31.714','2024-05-13 16:42:31.714');
INSERT INTO consultas ("id","nombre","cliente_id","created_at","updated_at") VALUES(143,'Número de Control',18,'2024-05-25 13:40:53.686','2024-05-25 13:40:53.686');
INSERT INTO consultas ("id","nombre","cliente_id","created_at","updated_at") VALUES(144,'Número de Documento',18,'2024-05-25 13:41:00.796','2024-05-25 13:41:00.796');
INSERT INTO consultas ("id","nombre","cliente_id","created_at","updated_at") VALUES(161,'Número de Control',6,'2024-05-30 16:52:01.531','2024-05-30 16:52:01.531');
INSERT INTO consultas ("id","nombre","cliente_id","created_at","updated_at") VALUES(162,'Número de Documento',6,'2024-05-30 16:52:08.730','2024-05-30 16:52:08.730');
INSERT INTO consultas ("id","nombre","cliente_id","created_at","updated_at") VALUES(163,'Tipo de Documento',6,'2024-05-30 16:54:30.680','2024-05-30 16:54:30.680');
INSERT INTO consultas ("id","nombre","cliente_id","created_at","updated_at") VALUES(164,'Fecha Emisión/Asignación',6,'2024-05-30 17:23:51.002','2024-05-30 17:23:51.002');
INSERT INTO consultas ("id","nombre","cliente_id","created_at","updated_at") VALUES(165,'Número de RIF/CI',6,'2024-05-30 17:24:34.241','2024-05-30 17:24:34.241');
INSERT INTO consultas ("id","nombre","cliente_id","created_at","updated_at") VALUES(166,'Razón Social',6,'2024-05-30 17:24:46.156','2024-05-30 17:24:46.156');
INSERT INTO consultas ("id","nombre","cliente_id","created_at","updated_at") VALUES(167,'Tipo de Documento',1,'2024-05-31 09:26:27.973','2024-05-31 09:26:27.973');
INSERT INTO consultas ("id","nombre","cliente_id","created_at","updated_at") VALUES(168,'Fecha Emisión/Asignación',1,'2024-05-31 09:26:36.255','2024-05-31 09:26:36.255');
INSERT INTO consultas ("id","nombre","cliente_id","created_at","updated_at") VALUES(169,'Número de RIF/CI',1,'2024-05-31 09:26:48.704','2024-05-31 09:26:48.704');
INSERT INTO consultas ("id","nombre","cliente_id","created_at","updated_at") VALUES(170,'Razón Social',1,'2024-05-31 09:26:57.124','2024-05-31 09:26:57.124');
INSERT INTO consultas ("id","nombre","cliente_id","created_at","updated_at") VALUES(171,'Tipo de Documento',2,'2024-05-31 09:28:35.224','2024-05-31 09:28:35.224');
INSERT INTO consultas ("id","nombre","cliente_id","created_at","updated_at") VALUES(172,'Fecha Emisión/Asignación',2,'2024-05-31 09:28:42.590','2024-05-31 09:28:42.590');
INSERT INTO consultas ("id","nombre","cliente_id","created_at","updated_at") VALUES(173,'Número de RIF/CI',2,'2024-05-31 09:28:53.464','2024-05-31 09:28:53.464');
INSERT INTO consultas ("id","nombre","cliente_id","created_at","updated_at") VALUES(174,'Razón Social',2,'2024-05-31 09:29:11.809','2024-05-31 09:29:11.809');
INSERT INTO consultas ("id","nombre","cliente_id","created_at","updated_at") VALUES(175,'Tipo de Documento',3,'2024-05-31 09:29:57.284','2024-05-31 09:29:57.284');
INSERT INTO consultas ("id","nombre","cliente_id","created_at","updated_at") VALUES(176,'Fecha Emisión/Asignación',3,'2024-05-31 09:41:23.601','2024-05-31 09:41:23.601');
INSERT INTO consultas ("id","nombre","cliente_id","created_at","updated_at") VALUES(177,'Razón Social',3,'2024-05-31 09:41:35.983','2024-05-31 09:41:35.983');
INSERT INTO consultas ("id","nombre","cliente_id","created_at","updated_at") VALUES(178,'Tipo de Documento',4,'2024-05-31 09:42:28.965','2024-05-31 09:42:28.965');
INSERT INTO consultas ("id","nombre","cliente_id","created_at","updated_at") VALUES(179,'Fecha Emisión/Asignación',4,'2024-05-31 09:42:45.619','2024-05-31 09:42:45.619');
INSERT INTO consultas ("id","nombre","cliente_id","created_at","updated_at") VALUES(180,'Número de RIF/CI',4,'2024-05-31 09:43:26.152','2024-05-31 09:43:26.152');
INSERT INTO consultas ("id","nombre","cliente_id","created_at","updated_at") VALUES(181,'Razón Social',4,'2024-05-31 09:43:45.715','2024-05-31 09:43:45.715');
INSERT INTO consultas ("id","nombre","cliente_id","created_at","updated_at") VALUES(182,'Tipo de Documento',5,'2024-05-31 09:44:29.630','2024-05-31 09:44:29.630');
INSERT INTO consultas ("id","nombre","cliente_id","created_at","updated_at") VALUES(185,'Fecha Emisión/Asignación',5,'2024-05-31 09:46:17.019','2024-05-31 09:46:17.019');
INSERT INTO consultas ("id","nombre","cliente_id","created_at","updated_at") VALUES(186,'Número de RIF/CI',5,'2024-05-31 09:46:48.761','2024-05-31 09:46:48.761');
INSERT INTO consultas ("id","nombre","cliente_id","created_at","updated_at") VALUES(187,'Razón Social',5,'2024-05-31 09:47:03.000','2024-05-31 09:47:03.000');
INSERT INTO consultas ("id","nombre","cliente_id","created_at","updated_at") VALUES(188,'Tipo de Documento',7,'2024-05-31 09:48:00.758','2024-05-31 09:48:00.758');
INSERT INTO consultas ("id","nombre","cliente_id","created_at","updated_at") VALUES(189,'Fecha Emisión/Asignación',7,'2024-05-31 09:48:17.270','2024-05-31 09:48:17.270');
INSERT INTO consultas ("id","nombre","cliente_id","created_at","updated_at") VALUES(190,'Número de RIF/CI',7,'2024-05-31 09:48:26.379','2024-05-31 09:48:26.379');
INSERT INTO consultas ("id","nombre","cliente_id","created_at","updated_at") VALUES(191,'Razón Social',7,'2024-05-31 09:48:36.404','2024-05-31 09:48:36.404');
INSERT INTO consultas ("id","nombre","cliente_id","created_at","updated_at") VALUES(192,'Tipo de Documento',8,'2024-05-31 09:49:30.585','2024-05-31 09:49:30.585');
INSERT INTO consultas ("id","nombre","cliente_id","created_at","updated_at") VALUES(193,'Fecha Emisión/Asignación',8,'2024-05-31 09:49:38.643','2024-05-31 09:49:38.643');
INSERT INTO consultas ("id","nombre","cliente_id","created_at","updated_at") VALUES(194,'Número de RIF/CI',8,'2024-05-31 09:50:11.487','2024-05-31 09:50:11.487');
INSERT INTO consultas ("id","nombre","cliente_id","created_at","updated_at") VALUES(195,'Razón Social',8,'2024-05-31 09:50:22.684','2024-05-31 09:50:22.684');
INSERT INTO consultas ("id","nombre","cliente_id","created_at","updated_at") VALUES(196,'Tipo de Documento',9,'2024-05-31 09:51:44.397','2024-05-31 09:51:44.397');
INSERT INTO consultas ("id","nombre","cliente_id","created_at","updated_at") VALUES(197,'Fecha Emisión/Asignación',9,'2024-05-31 09:51:54.780','2024-05-31 09:51:54.780');
INSERT INTO consultas ("id","nombre","cliente_id","created_at","updated_at") VALUES(198,'Número de RIF/CI',9,'2024-05-31 09:52:07.726','2024-05-31 09:52:07.726');
INSERT INTO consultas ("id","nombre","cliente_id","created_at","updated_at") VALUES(199,'Razón Social',9,'2024-05-31 09:52:16.300','2024-05-31 09:52:16.300');
INSERT INTO consultas ("id","nombre","cliente_id","created_at","updated_at") VALUES(200,'Tipo de Documento',10,'2024-05-31 09:52:43.568','2024-05-31 09:52:43.568');
INSERT INTO consultas ("id","nombre","cliente_id","created_at","updated_at") VALUES(201,'Fecha Emisión/Asignación',10,'2024-05-31 09:52:55.506','2024-05-31 09:52:55.506');
INSERT INTO consultas ("id","nombre","cliente_id","created_at","updated_at") VALUES(202,'Número de RIF/CI',10,'2024-05-31 09:53:18.087','2024-05-31 09:53:18.087');
INSERT INTO consultas ("id","nombre","cliente_id","created_at","updated_at") VALUES(203,'Razón Social',10,'2024-05-31 09:53:27.378','2024-05-31 09:53:27.378');
INSERT INTO consultas ("id","nombre","cliente_id","created_at","updated_at") VALUES(204,'Tipo de Documento',11,'2024-05-31 09:53:56.728','2024-05-31 09:53:56.728');
INSERT INTO consultas ("id","nombre","cliente_id","created_at","updated_at") VALUES(205,'Fecha Emisión/Asignación',11,'2024-05-31 09:54:02.288','2024-05-31 09:54:02.288');
INSERT INTO consultas ("id","nombre","cliente_id","created_at","updated_at") VALUES(206,'Número de RIF/CI',11,'2024-05-31 09:54:14.427','2024-05-31 09:54:14.427');
INSERT INTO consultas ("id","nombre","cliente_id","created_at","updated_at") VALUES(207,'Razón Social',11,'2024-05-31 09:54:24.039','2024-05-31 09:54:24.039');
INSERT INTO consultas ("id","nombre","cliente_id","created_at","updated_at") VALUES(208,'Tipo de Documento',12,'2024-05-31 09:54:48.351','2024-05-31 09:54:48.351');
INSERT INTO consultas ("id","nombre","cliente_id","created_at","updated_at") VALUES(209,'Fecha Emisión/Asignación',12,'2024-05-31 09:55:00.526','2024-05-31 09:55:00.526');
INSERT INTO consultas ("id","nombre","cliente_id","created_at","updated_at") VALUES(210,'Número de RIF/CI',12,'2024-05-31 09:55:09.260','2024-05-31 09:55:09.260');
INSERT INTO consultas ("id","nombre","cliente_id","created_at","updated_at") VALUES(211,'Razón Social',12,'2024-05-31 09:55:18.992','2024-05-31 09:55:18.992');
INSERT INTO consultas ("id","nombre","cliente_id","created_at","updated_at") VALUES(212,'Tipo de Documento',13,'2024-05-31 09:55:47.358','2024-05-31 09:55:47.358');
INSERT INTO consultas ("id","nombre","cliente_id","created_at","updated_at") VALUES(213,'Fecha Emisión/Asignación',13,'2024-05-31 09:55:53.994','2024-05-31 09:55:53.994');
INSERT INTO consultas ("id","nombre","cliente_id","created_at","updated_at") VALUES(214,'Número de RIF/CI',13,'2024-05-31 09:56:03.334','2024-05-31 09:56:03.334');
INSERT INTO consultas ("id","nombre","cliente_id","created_at","updated_at") VALUES(215,'Razón Social',13,'2024-05-31 09:56:17.056','2024-05-31 09:56:17.056');
INSERT INTO consultas ("id","nombre","cliente_id","created_at","updated_at") VALUES(216,'Tipo de Documento',14,'2024-05-31 09:56:38.770','2024-05-31 09:56:38.770');
INSERT INTO consultas ("id","nombre","cliente_id","created_at","updated_at") VALUES(217,'Fecha Emisión/Asignación',14,'2024-05-31 09:56:45.717','2024-05-31 09:56:45.717');
INSERT INTO consultas ("id","nombre","cliente_id","created_at","updated_at") VALUES(218,'Número de RIF/CI',14,'2024-05-31 09:56:55.475','2024-05-31 09:56:55.475');
INSERT INTO consultas ("id","nombre","cliente_id","created_at","updated_at") VALUES(219,'Razón Social',14,'2024-05-31 09:57:04.577','2024-05-31 09:57:04.577');
INSERT INTO consultas ("id","nombre","cliente_id","created_at","updated_at") VALUES(220,'Tipo de Documento',15,'2024-05-31 09:57:44.079','2024-05-31 09:57:44.079');
INSERT INTO consultas ("id","nombre","cliente_id","created_at","updated_at") VALUES(221,'Fecha Emisión/Asignación',15,'2024-05-31 09:57:53.823','2024-05-31 09:57:53.823');
INSERT INTO consultas ("id","nombre","cliente_id","created_at","updated_at") VALUES(222,'Número de RIF/CI',15,'2024-05-31 09:58:20.106','2024-05-31 09:58:20.106');
INSERT INTO consultas ("id","nombre","cliente_id","created_at","updated_at") VALUES(223,'Razón Social',15,'2024-05-31 09:58:33.654','2024-05-31 09:58:33.654');
INSERT INTO consultas ("id","nombre","cliente_id","created_at","updated_at") VALUES(224,'Tipo de Documento',16,'2024-05-31 09:58:54.988','2024-05-31 09:58:54.988');
INSERT INTO consultas ("id","nombre","cliente_id","created_at","updated_at") VALUES(225,'Fecha Emisión/Asignación',16,'2024-05-31 09:59:07.537','2024-05-31 09:59:07.537');
INSERT INTO consultas ("id","nombre","cliente_id","created_at","updated_at") VALUES(226,'Número de RIF/CI',16,'2024-05-31 09:59:19.007','2024-05-31 09:59:19.007');
INSERT INTO consultas ("id","nombre","cliente_id","created_at","updated_at") VALUES(227,'Razón Social',16,'2024-05-31 09:59:26.989','2024-05-31 09:59:26.989');
INSERT INTO consultas ("id","nombre","cliente_id","created_at","updated_at") VALUES(228,'Tipo de Documento',17,'2024-05-31 09:59:52.654','2024-05-31 09:59:52.654');
INSERT INTO consultas ("id","nombre","cliente_id","created_at","updated_at") VALUES(229,'Fecha Emisión/Asignación',17,'2024-05-31 09:59:58.172','2024-05-31 09:59:58.172');
INSERT INTO consultas ("id","nombre","cliente_id","created_at","updated_at") VALUES(230,'Número de RIF/CI',17,'2024-05-31 10:00:07.471','2024-05-31 10:00:07.471');
INSERT INTO consultas ("id","nombre","cliente_id","created_at","updated_at") VALUES(231,'Razón Social',17,'2024-05-31 10:00:21.027','2024-05-31 10:00:21.027');
INSERT INTO consultas ("id","nombre","cliente_id","created_at","updated_at") VALUES(233,'Tipo de Documento',18,'2024-05-31 10:01:31.808','2024-05-31 10:01:31.808');
INSERT INTO consultas ("id","nombre","cliente_id","created_at","updated_at") VALUES(234,'Fecha Emisión/Asignación',18,'2024-05-31 10:01:45.581','2024-05-31 10:01:45.581');
INSERT INTO consultas ("id","nombre","cliente_id","created_at","updated_at") VALUES(235,'Número de RIF/CI',18,'2024-05-31 10:01:56.144','2024-05-31 10:01:56.144');
INSERT INTO consultas ("id","nombre","cliente_id","created_at","updated_at") VALUES(236,'Razón Social',18,'2024-05-31 10:02:04.001','2024-05-31 10:02:04.001');
INSERT INTO consultas ("id","nombre","cliente_id","created_at","updated_at") VALUES(237,'Serie',16,'2024-05-31 10:19:59.005','2024-05-31 10:19:59.005');
INSERT INTO consultas ("id","nombre","cliente_id","created_at","updated_at") VALUES(238,'Serie',17,'2024-05-31 11:32:37.164','2024-05-31 11:32:37.164');
INSERT INTO consultas ("id","nombre","cliente_id","created_at","updated_at") VALUES(239,'Serie',18,'2024-05-31 11:49:18.579','2024-05-31 11:49:18.579');
INSERT INTO consultas ("id","nombre","cliente_id","created_at","updated_at") VALUES(241,'Número de Control',49,'2024-06-03 14:35:42.838','2024-06-03 14:35:42.838');

INSERT INTO consultas_parametros ("id","consulta_id","parametro_id","created_at","updated_at") VALUES(57,16,2,'2024-05-07 13:25:56.694','2024-05-07 13:25:56.694');
INSERT INTO consultas_parametros ("id","consulta_id","parametro_id","created_at","updated_at") VALUES(58,17,2,'2024-05-07 13:29:18.255','2024-05-07 13:29:18.255');
INSERT INTO consultas_parametros ("id","consulta_id","parametro_id","created_at","updated_at") VALUES(59,18,2,'2024-05-07 13:29:21.197','2024-05-07 13:29:21.197');
INSERT INTO consultas_parametros ("id","consulta_id","parametro_id","created_at","updated_at") VALUES(60,19,2,'2024-05-07 13:29:26.699','2024-05-07 13:29:26.699');
INSERT INTO consultas_parametros ("id","consulta_id","parametro_id","created_at","updated_at") VALUES(61,20,2,'2024-05-07 13:29:29.289','2024-05-07 13:29:29.289');
INSERT INTO consultas_parametros ("id","consulta_id","parametro_id","created_at","updated_at") VALUES(62,21,2,'2024-05-07 13:29:32.112','2024-05-07 13:29:32.112');
INSERT INTO consultas_parametros ("id","consulta_id","parametro_id","created_at","updated_at") VALUES(63,22,2,'2024-05-07 13:29:35.159','2024-05-07 13:29:35.159');
INSERT INTO consultas_parametros ("id","consulta_id","parametro_id","created_at","updated_at") VALUES(64,23,2,'2024-05-07 13:29:39.529','2024-05-07 13:29:39.529');
INSERT INTO consultas_parametros ("id","consulta_id","parametro_id","created_at","updated_at") VALUES(65,24,2,'2024-05-07 13:29:43.696','2024-05-07 13:29:43.696');
INSERT INTO consultas_parametros ("id","consulta_id","parametro_id","created_at","updated_at") VALUES(66,25,2,'2024-05-07 13:29:46.816','2024-05-07 13:29:46.816');
INSERT INTO consultas_parametros ("id","consulta_id","parametro_id","created_at","updated_at") VALUES(67,26,2,'2024-05-07 13:29:51.308','2024-05-07 13:29:51.308');
INSERT INTO consultas_parametros ("id","consulta_id","parametro_id","created_at","updated_at") VALUES(68,27,2,'2024-05-07 13:29:55.094','2024-05-07 13:29:55.094');
INSERT INTO consultas_parametros ("id","consulta_id","parametro_id","created_at","updated_at") VALUES(69,28,2,'2024-05-07 13:29:58.548','2024-05-07 13:29:58.548');
INSERT INTO consultas_parametros ("id","consulta_id","parametro_id","created_at","updated_at") VALUES(70,29,2,'2024-05-07 13:30:02.708','2024-05-07 13:30:02.708');
INSERT INTO consultas_parametros ("id","consulta_id","parametro_id","created_at","updated_at") VALUES(71,30,1,'2024-05-07 13:35:17.903','2024-05-07 13:35:17.903');
INSERT INTO consultas_parametros ("id","consulta_id","parametro_id","created_at","updated_at") VALUES(72,31,2,'2024-05-07 13:35:17.907','2024-05-07 13:35:17.907');
INSERT INTO consultas_parametros ("id","consulta_id","parametro_id","created_at","updated_at") VALUES(73,32,1,'2024-05-07 13:35:29.761','2024-05-07 13:35:29.761');
INSERT INTO consultas_parametros ("id","consulta_id","parametro_id","created_at","updated_at") VALUES(74,33,2,'2024-05-07 13:35:29.771','2024-05-07 13:35:29.771');
INSERT INTO consultas_parametros ("id","consulta_id","parametro_id","created_at","updated_at") VALUES(582,241,1,'2024-06-03 14:35:42.847','2024-06-03 14:35:42.847');
INSERT INTO consultas_parametros ("id","consulta_id","parametro_id","created_at","updated_at") VALUES(77,36,1,'2024-05-07 13:35:39.244','2024-05-07 13:35:39.244');
INSERT INTO consultas_parametros ("id","consulta_id","parametro_id","created_at","updated_at") VALUES(78,37,2,'2024-05-07 13:35:39.255','2024-05-07 13:35:39.255');
INSERT INTO consultas_parametros ("id","consulta_id","parametro_id","created_at","updated_at") VALUES(79,38,1,'2024-05-07 13:35:43.221','2024-05-07 13:35:43.221');
INSERT INTO consultas_parametros ("id","consulta_id","parametro_id","created_at","updated_at") VALUES(80,39,2,'2024-05-07 13:35:43.232','2024-05-07 13:35:43.232');
INSERT INTO consultas_parametros ("id","consulta_id","parametro_id","created_at","updated_at") VALUES(81,40,1,'2024-05-07 13:35:46.755','2024-05-07 13:35:46.755');
INSERT INTO consultas_parametros ("id","consulta_id","parametro_id","created_at","updated_at") VALUES(82,41,2,'2024-05-07 13:35:46.762','2024-05-07 13:35:46.762');
INSERT INTO consultas_parametros ("id","consulta_id","parametro_id","created_at","updated_at") VALUES(52,2,2,'2024-05-06 21:17:42.523','2024-05-06 21:17:42.523');
INSERT INTO consultas_parametros ("id","consulta_id","parametro_id","created_at","updated_at") VALUES(83,42,1,'2024-05-07 13:35:54.226','2024-05-07 13:35:54.226');
INSERT INTO consultas_parametros ("id","consulta_id","parametro_id","created_at","updated_at") VALUES(84,43,2,'2024-05-07 13:35:54.239','2024-05-07 13:35:54.239');
INSERT INTO consultas_parametros ("id","consulta_id","parametro_id","created_at","updated_at") VALUES(85,44,1,'2024-05-07 13:35:58.699','2024-05-07 13:35:58.699');
INSERT INTO consultas_parametros ("id","consulta_id","parametro_id","created_at","updated_at") VALUES(86,45,2,'2024-05-07 13:35:58.713','2024-05-07 13:35:58.713');
INSERT INTO consultas_parametros ("id","consulta_id","parametro_id","created_at","updated_at") VALUES(87,46,1,'2024-05-07 13:36:02.176','2024-05-07 13:36:02.176');
INSERT INTO consultas_parametros ("id","consulta_id","parametro_id","created_at","updated_at") VALUES(88,47,2,'2024-05-07 13:36:02.188','2024-05-07 13:36:02.188');
INSERT INTO consultas_parametros ("id","consulta_id","parametro_id","created_at","updated_at") VALUES(89,48,1,'2024-05-07 13:36:05.773','2024-05-07 13:36:05.773');
INSERT INTO consultas_parametros ("id","consulta_id","parametro_id","created_at","updated_at") VALUES(90,49,2,'2024-05-07 13:36:05.775','2024-05-07 13:36:05.775');
INSERT INTO consultas_parametros ("id","consulta_id","parametro_id","created_at","updated_at") VALUES(91,50,1,'2024-05-07 13:36:10.301','2024-05-07 13:36:10.301');
INSERT INTO consultas_parametros ("id","consulta_id","parametro_id","created_at","updated_at") VALUES(92,51,2,'2024-05-07 13:36:10.312','2024-05-07 13:36:10.312');
INSERT INTO consultas_parametros ("id","consulta_id","parametro_id","created_at","updated_at") VALUES(93,52,1,'2024-05-07 13:36:14.252','2024-05-07 13:36:14.252');
INSERT INTO consultas_parametros ("id","consulta_id","parametro_id","created_at","updated_at") VALUES(94,53,2,'2024-05-07 13:36:14.264','2024-05-07 13:36:14.264');
INSERT INTO consultas_parametros ("id","consulta_id","parametro_id","created_at","updated_at") VALUES(95,54,1,'2024-05-07 13:36:18.373','2024-05-07 13:36:18.373');
INSERT INTO consultas_parametros ("id","consulta_id","parametro_id","created_at","updated_at") VALUES(96,55,2,'2024-05-07 13:36:18.490','2024-05-07 13:36:18.490');
INSERT INTO consultas_parametros ("id","consulta_id","parametro_id","created_at","updated_at") VALUES(97,14,1,'2024-05-07 15:39:33.414','2024-05-07 15:39:33.414');
INSERT INTO consultas_parametros ("id","consulta_id","parametro_id","created_at","updated_at") VALUES(98,13,1,'2024-05-07 17:04:44.059','2024-05-07 17:04:44.059');
INSERT INTO consultas_parametros ("id","consulta_id","parametro_id","created_at","updated_at") VALUES(99,56,2,'2024-05-07 17:06:50.855','2024-05-07 17:06:50.855');
INSERT INTO consultas_parametros ("id","consulta_id","parametro_id","created_at","updated_at") VALUES(100,57,1,'2024-05-13 16:42:31.713','2024-05-13 16:42:31.713');
INSERT INTO consultas_parametros ("id","consulta_id","parametro_id","created_at","updated_at") VALUES(101,58,2,'2024-05-13 16:42:31.715','2024-05-13 16:42:31.715');
INSERT INTO consultas_parametros ("id","consulta_id","parametro_id","created_at","updated_at") VALUES(493,191,8,'2024-05-31 09:48:36.405','2024-05-31 09:48:36.405');
INSERT INTO consultas_parametros ("id","consulta_id","parametro_id","created_at","updated_at") VALUES(494,191,12,'2024-05-31 09:48:36.405','2024-05-31 09:48:36.405');
INSERT INTO consultas_parametros ("id","consulta_id","parametro_id","created_at","updated_at") VALUES(495,192,3,'2024-05-31 09:49:30.585','2024-05-31 09:49:30.585');
INSERT INTO consultas_parametros ("id","consulta_id","parametro_id","created_at","updated_at") VALUES(496,192,12,'2024-05-31 09:49:30.586','2024-05-31 09:49:30.586');
INSERT INTO consultas_parametros ("id","consulta_id","parametro_id","created_at","updated_at") VALUES(497,193,12,'2024-05-31 09:49:38.645','2024-05-31 09:49:38.645');
INSERT INTO consultas_parametros ("id","consulta_id","parametro_id","created_at","updated_at") VALUES(498,194,6,'2024-05-31 09:50:11.490','2024-05-31 09:50:11.490');
INSERT INTO consultas_parametros ("id","consulta_id","parametro_id","created_at","updated_at") VALUES(499,194,12,'2024-05-31 09:50:11.491','2024-05-31 09:50:11.491');
INSERT INTO consultas_parametros ("id","consulta_id","parametro_id","created_at","updated_at") VALUES(500,195,8,'2024-05-31 09:50:22.686','2024-05-31 09:50:22.686');
INSERT INTO consultas_parametros ("id","consulta_id","parametro_id","created_at","updated_at") VALUES(501,195,12,'2024-05-31 09:50:22.687','2024-05-31 09:50:22.687');
INSERT INTO consultas_parametros ("id","consulta_id","parametro_id","created_at","updated_at") VALUES(502,196,3,'2024-05-31 09:51:44.399','2024-05-31 09:51:44.399');
INSERT INTO consultas_parametros ("id","consulta_id","parametro_id","created_at","updated_at") VALUES(503,196,12,'2024-05-31 09:51:44.399','2024-05-31 09:51:44.399');
INSERT INTO consultas_parametros ("id","consulta_id","parametro_id","created_at","updated_at") VALUES(504,197,12,'2024-05-31 09:51:54.782','2024-05-31 09:51:54.782');
INSERT INTO consultas_parametros ("id","consulta_id","parametro_id","created_at","updated_at") VALUES(505,198,6,'2024-05-31 09:52:07.729','2024-05-31 09:52:07.729');
INSERT INTO consultas_parametros ("id","consulta_id","parametro_id","created_at","updated_at") VALUES(506,198,12,'2024-05-31 09:52:07.731','2024-05-31 09:52:07.731');
INSERT INTO consultas_parametros ("id","consulta_id","parametro_id","created_at","updated_at") VALUES(507,199,8,'2024-05-31 09:52:16.302','2024-05-31 09:52:16.302');
INSERT INTO consultas_parametros ("id","consulta_id","parametro_id","created_at","updated_at") VALUES(508,199,12,'2024-05-31 09:52:16.303','2024-05-31 09:52:16.303');
INSERT INTO consultas_parametros ("id","consulta_id","parametro_id","created_at","updated_at") VALUES(509,200,3,'2024-05-31 09:52:43.571','2024-05-31 09:52:43.571');
INSERT INTO consultas_parametros ("id","consulta_id","parametro_id","created_at","updated_at") VALUES(510,200,12,'2024-05-31 09:52:43.572','2024-05-31 09:52:43.572');
INSERT INTO consultas_parametros ("id","consulta_id","parametro_id","created_at","updated_at") VALUES(511,201,12,'2024-05-31 09:52:55.509','2024-05-31 09:52:55.509');
INSERT INTO consultas_parametros ("id","consulta_id","parametro_id","created_at","updated_at") VALUES(512,202,6,'2024-05-31 09:53:18.089','2024-05-31 09:53:18.089');
INSERT INTO consultas_parametros ("id","consulta_id","parametro_id","created_at","updated_at") VALUES(513,202,12,'2024-05-31 09:53:18.091','2024-05-31 09:53:18.091');
INSERT INTO consultas_parametros ("id","consulta_id","parametro_id","created_at","updated_at") VALUES(514,203,8,'2024-05-31 09:53:27.380','2024-05-31 09:53:27.380');
INSERT INTO consultas_parametros ("id","consulta_id","parametro_id","created_at","updated_at") VALUES(515,203,12,'2024-05-31 09:53:27.380','2024-05-31 09:53:27.381');
INSERT INTO consultas_parametros ("id","consulta_id","parametro_id","created_at","updated_at") VALUES(516,204,3,'2024-05-31 09:53:56.729','2024-05-31 09:53:56.729');
INSERT INTO consultas_parametros ("id","consulta_id","parametro_id","created_at","updated_at") VALUES(517,204,12,'2024-05-31 09:53:56.730','2024-05-31 09:53:56.730');
INSERT INTO consultas_parametros ("id","consulta_id","parametro_id","created_at","updated_at") VALUES(518,205,12,'2024-05-31 09:54:02.291','2024-05-31 09:54:02.291');
INSERT INTO consultas_parametros ("id","consulta_id","parametro_id","created_at","updated_at") VALUES(519,206,6,'2024-05-31 09:54:14.428','2024-05-31 09:54:14.428');
INSERT INTO consultas_parametros ("id","consulta_id","parametro_id","created_at","updated_at") VALUES(520,206,12,'2024-05-31 09:54:14.429','2024-05-31 09:54:14.429');
INSERT INTO consultas_parametros ("id","consulta_id","parametro_id","created_at","updated_at") VALUES(521,207,8,'2024-05-31 09:54:24.040','2024-05-31 09:54:24.040');
INSERT INTO consultas_parametros ("id","consulta_id","parametro_id","created_at","updated_at") VALUES(522,207,12,'2024-05-31 09:54:24.041','2024-05-31 09:54:24.041');
INSERT INTO consultas_parametros ("id","consulta_id","parametro_id","created_at","updated_at") VALUES(523,208,3,'2024-05-31 09:54:48.352','2024-05-31 09:54:48.352');
INSERT INTO consultas_parametros ("id","consulta_id","parametro_id","created_at","updated_at") VALUES(524,208,12,'2024-05-31 09:54:48.353','2024-05-31 09:54:48.353');
INSERT INTO consultas_parametros ("id","consulta_id","parametro_id","created_at","updated_at") VALUES(525,209,12,'2024-05-31 09:55:00.529','2024-05-31 09:55:00.529');
INSERT INTO consultas_parametros ("id","consulta_id","parametro_id","created_at","updated_at") VALUES(526,210,6,'2024-05-31 09:55:09.261','2024-05-31 09:55:09.261');
INSERT INTO consultas_parametros ("id","consulta_id","parametro_id","created_at","updated_at") VALUES(527,210,12,'2024-05-31 09:55:09.263','2024-05-31 09:55:09.263');
INSERT INTO consultas_parametros ("id","consulta_id","parametro_id","created_at","updated_at") VALUES(528,211,8,'2024-05-31 09:55:18.993','2024-05-31 09:55:18.993');
INSERT INTO consultas_parametros ("id","consulta_id","parametro_id","created_at","updated_at") VALUES(529,211,12,'2024-05-31 09:55:18.993','2024-05-31 09:55:18.993');
INSERT INTO consultas_parametros ("id","consulta_id","parametro_id","created_at","updated_at") VALUES(530,212,3,'2024-05-31 09:55:47.360','2024-05-31 09:55:47.360');
INSERT INTO consultas_parametros ("id","consulta_id","parametro_id","created_at","updated_at") VALUES(531,212,12,'2024-05-31 09:55:47.360','2024-05-31 09:55:47.360');
INSERT INTO consultas_parametros ("id","consulta_id","parametro_id","created_at","updated_at") VALUES(532,213,12,'2024-05-31 09:55:53.996','2024-05-31 09:55:53.996');
INSERT INTO consultas_parametros ("id","consulta_id","parametro_id","created_at","updated_at") VALUES(533,214,6,'2024-05-31 09:56:03.336','2024-05-31 09:56:03.336');
INSERT INTO consultas_parametros ("id","consulta_id","parametro_id","created_at","updated_at") VALUES(534,214,12,'2024-05-31 09:56:03.337','2024-05-31 09:56:03.337');
INSERT INTO consultas_parametros ("id","consulta_id","parametro_id","created_at","updated_at") VALUES(535,215,8,'2024-05-31 09:56:17.058','2024-05-31 09:56:17.058');
INSERT INTO consultas_parametros ("id","consulta_id","parametro_id","created_at","updated_at") VALUES(536,215,12,'2024-05-31 09:56:17.058','2024-05-31 09:56:17.058');
INSERT INTO consultas_parametros ("id","consulta_id","parametro_id","created_at","updated_at") VALUES(537,216,3,'2024-05-31 09:56:38.771','2024-05-31 09:56:38.771');
INSERT INTO consultas_parametros ("id","consulta_id","parametro_id","created_at","updated_at") VALUES(538,216,12,'2024-05-31 09:56:38.772','2024-05-31 09:56:38.772');
INSERT INTO consultas_parametros ("id","consulta_id","parametro_id","created_at","updated_at") VALUES(539,217,12,'2024-05-31 09:56:45.718','2024-05-31 09:56:45.718');
INSERT INTO consultas_parametros ("id","consulta_id","parametro_id","created_at","updated_at") VALUES(540,218,6,'2024-05-31 09:56:55.476','2024-05-31 09:56:55.476');
INSERT INTO consultas_parametros ("id","consulta_id","parametro_id","created_at","updated_at") VALUES(541,218,12,'2024-05-31 09:56:55.478','2024-05-31 09:56:55.478');
INSERT INTO consultas_parametros ("id","consulta_id","parametro_id","created_at","updated_at") VALUES(542,219,8,'2024-05-31 09:57:04.579','2024-05-31 09:57:04.579');
INSERT INTO consultas_parametros ("id","consulta_id","parametro_id","created_at","updated_at") VALUES(543,219,12,'2024-05-31 09:57:04.579','2024-05-31 09:57:04.579');
INSERT INTO consultas_parametros ("id","consulta_id","parametro_id","created_at","updated_at") VALUES(544,220,3,'2024-05-31 09:57:44.081','2024-05-31 09:57:44.081');
INSERT INTO consultas_parametros ("id","consulta_id","parametro_id","created_at","updated_at") VALUES(545,220,12,'2024-05-31 09:57:44.081','2024-05-31 09:57:44.081');
INSERT INTO consultas_parametros ("id","consulta_id","parametro_id","created_at","updated_at") VALUES(546,221,12,'2024-05-31 09:57:53.826','2024-05-31 09:57:53.826');
INSERT INTO consultas_parametros ("id","consulta_id","parametro_id","created_at","updated_at") VALUES(547,222,6,'2024-05-31 09:58:20.109','2024-05-31 09:58:20.109');
INSERT INTO consultas_parametros ("id","consulta_id","parametro_id","created_at","updated_at") VALUES(548,222,12,'2024-05-31 09:58:20.111','2024-05-31 09:58:20.111');
INSERT INTO consultas_parametros ("id","consulta_id","parametro_id","created_at","updated_at") VALUES(549,223,8,'2024-05-31 09:58:33.656','2024-05-31 09:58:33.656');
INSERT INTO consultas_parametros ("id","consulta_id","parametro_id","created_at","updated_at") VALUES(550,223,12,'2024-05-31 09:58:33.657','2024-05-31 09:58:33.657');
INSERT INTO consultas_parametros ("id","consulta_id","parametro_id","created_at","updated_at") VALUES(551,224,3,'2024-05-31 09:58:54.990','2024-05-31 09:58:54.990');
INSERT INTO consultas_parametros ("id","consulta_id","parametro_id","created_at","updated_at") VALUES(552,224,12,'2024-05-31 09:58:54.991','2024-05-31 09:58:54.991');
INSERT INTO consultas_parametros ("id","consulta_id","parametro_id","created_at","updated_at") VALUES(553,225,12,'2024-05-31 09:59:07.539','2024-05-31 09:59:07.539');
INSERT INTO consultas_parametros ("id","consulta_id","parametro_id","created_at","updated_at") VALUES(554,226,6,'2024-05-31 09:59:19.009','2024-05-31 09:59:19.009');
INSERT INTO consultas_parametros ("id","consulta_id","parametro_id","created_at","updated_at") VALUES(555,226,12,'2024-05-31 09:59:19.010','2024-05-31 09:59:19.010');
INSERT INTO consultas_parametros ("id","consulta_id","parametro_id","created_at","updated_at") VALUES(556,227,8,'2024-05-31 09:59:26.989','2024-05-31 09:59:26.989');
INSERT INTO consultas_parametros ("id","consulta_id","parametro_id","created_at","updated_at") VALUES(557,227,12,'2024-05-31 09:59:26.989','2024-05-31 09:59:26.989');
INSERT INTO consultas_parametros ("id","consulta_id","parametro_id","created_at","updated_at") VALUES(558,228,3,'2024-05-31 09:59:52.654','2024-05-31 09:59:52.654');
INSERT INTO consultas_parametros ("id","consulta_id","parametro_id","created_at","updated_at") VALUES(559,228,12,'2024-05-31 09:59:52.654','2024-05-31 09:59:52.654');
INSERT INTO consultas_parametros ("id","consulta_id","parametro_id","created_at","updated_at") VALUES(560,229,12,'2024-05-31 09:59:58.175','2024-05-31 09:59:58.175');
INSERT INTO consultas_parametros ("id","consulta_id","parametro_id","created_at","updated_at") VALUES(561,230,6,'2024-05-31 10:00:07.471','2024-05-31 10:00:07.471');
INSERT INTO consultas_parametros ("id","consulta_id","parametro_id","created_at","updated_at") VALUES(562,230,12,'2024-05-31 10:00:07.474','2024-05-31 10:00:07.474');
INSERT INTO consultas_parametros ("id","consulta_id","parametro_id","created_at","updated_at") VALUES(563,231,8,'2024-05-31 10:00:21.028','2024-05-31 10:00:21.028');
INSERT INTO consultas_parametros ("id","consulta_id","parametro_id","created_at","updated_at") VALUES(564,231,12,'2024-05-31 10:00:21.029','2024-05-31 10:00:21.029');
INSERT INTO consultas_parametros ("id","consulta_id","parametro_id","created_at","updated_at") VALUES(566,233,3,'2024-05-31 10:01:31.810','2024-05-31 10:01:31.810');
INSERT INTO consultas_parametros ("id","consulta_id","parametro_id","created_at","updated_at") VALUES(567,233,12,'2024-05-31 10:01:31.811','2024-05-31 10:01:31.811');
INSERT INTO consultas_parametros ("id","consulta_id","parametro_id","created_at","updated_at") VALUES(568,234,12,'2024-05-31 10:01:45.582','2024-05-31 10:01:45.582');
INSERT INTO consultas_parametros ("id","consulta_id","parametro_id","created_at","updated_at") VALUES(569,235,6,'2024-05-31 10:01:56.145','2024-05-31 10:01:56.145');
INSERT INTO consultas_parametros ("id","consulta_id","parametro_id","created_at","updated_at") VALUES(570,235,12,'2024-05-31 10:01:56.146','2024-05-31 10:01:56.146');
INSERT INTO consultas_parametros ("id","consulta_id","parametro_id","created_at","updated_at") VALUES(571,236,8,'2024-05-31 10:02:04.003','2024-05-31 10:02:04.003');
INSERT INTO consultas_parametros ("id","consulta_id","parametro_id","created_at","updated_at") VALUES(572,236,12,'2024-05-31 10:02:04.003','2024-05-31 10:02:04.003');
INSERT INTO consultas_parametros ("id","consulta_id","parametro_id","created_at","updated_at") VALUES(573,237,9,'2024-05-31 10:19:59.007','2024-05-31 10:19:59.007');
INSERT INTO consultas_parametros ("id","consulta_id","parametro_id","created_at","updated_at") VALUES(574,237,12,'2024-05-31 10:19:59.008','2024-05-31 10:19:59.008');
INSERT INTO consultas_parametros ("id","consulta_id","parametro_id","created_at","updated_at") VALUES(575,238,9,'2024-05-31 11:32:37.164','2024-05-31 11:32:37.164');
INSERT INTO consultas_parametros ("id","consulta_id","parametro_id","created_at","updated_at") VALUES(576,238,12,'2024-05-31 11:32:37.164','2024-05-31 11:32:37.164');
INSERT INTO consultas_parametros ("id","consulta_id","parametro_id","created_at","updated_at") VALUES(577,239,9,'2024-05-31 11:49:18.581','2024-05-31 11:49:18.581');
INSERT INTO consultas_parametros ("id","consulta_id","parametro_id","created_at","updated_at") VALUES(578,239,12,'2024-05-31 11:49:18.583','2024-05-31 11:49:18.583');
INSERT INTO consultas_parametros ("id","consulta_id","parametro_id","created_at","updated_at") VALUES(451,167,3,'2024-05-31 09:26:27.974','2024-05-31 09:26:27.974');
INSERT INTO consultas_parametros ("id","consulta_id","parametro_id","created_at","updated_at") VALUES(452,167,12,'2024-05-31 09:26:27.975','2024-05-31 09:26:27.975');
INSERT INTO consultas_parametros ("id","consulta_id","parametro_id","created_at","updated_at") VALUES(453,168,12,'2024-05-31 09:26:36.256','2024-05-31 09:26:36.256');
INSERT INTO consultas_parametros ("id","consulta_id","parametro_id","created_at","updated_at") VALUES(454,169,6,'2024-05-31 09:26:48.706','2024-05-31 09:26:48.706');
INSERT INTO consultas_parametros ("id","consulta_id","parametro_id","created_at","updated_at") VALUES(458,171,3,'2024-05-31 09:28:35.226','2024-05-31 09:28:35.226');
INSERT INTO consultas_parametros ("id","consulta_id","parametro_id","created_at","updated_at") VALUES(459,171,12,'2024-05-31 09:28:35.227','2024-05-31 09:28:35.227');
INSERT INTO consultas_parametros ("id","consulta_id","parametro_id","created_at","updated_at") VALUES(460,172,12,'2024-05-31 09:28:42.591','2024-05-31 09:28:42.591');
INSERT INTO consultas_parametros ("id","consulta_id","parametro_id","created_at","updated_at") VALUES(461,173,6,'2024-05-31 09:28:53.465','2024-05-31 09:28:53.465');
INSERT INTO consultas_parametros ("id","consulta_id","parametro_id","created_at","updated_at") VALUES(465,175,3,'2024-05-31 09:29:57.285','2024-05-31 09:29:57.285');
INSERT INTO consultas_parametros ("id","consulta_id","parametro_id","created_at","updated_at") VALUES(466,175,12,'2024-05-31 09:29:57.286','2024-05-31 09:29:57.286');
INSERT INTO consultas_parametros ("id","consulta_id","parametro_id","created_at","updated_at") VALUES(467,176,12,'2024-05-31 09:41:23.603','2024-05-31 09:41:23.603');
INSERT INTO consultas_parametros ("id","consulta_id","parametro_id","created_at","updated_at") VALUES(468,177,8,'2024-05-31 09:41:35.984','2024-05-31 09:41:35.984');
INSERT INTO consultas_parametros ("id","consulta_id","parametro_id","created_at","updated_at") VALUES(470,178,3,'2024-05-31 09:42:28.967','2024-05-31 09:42:28.967');
INSERT INTO consultas_parametros ("id","consulta_id","parametro_id","created_at","updated_at") VALUES(471,178,12,'2024-05-31 09:42:28.967','2024-05-31 09:42:28.967');
INSERT INTO consultas_parametros ("id","consulta_id","parametro_id","created_at","updated_at") VALUES(472,179,12,'2024-05-31 09:42:45.620','2024-05-31 09:42:45.620');
INSERT INTO consultas_parametros ("id","consulta_id","parametro_id","created_at","updated_at") VALUES(473,180,6,'2024-05-31 09:43:26.153','2024-05-31 09:43:26.153');
INSERT INTO consultas_parametros ("id","consulta_id","parametro_id","created_at","updated_at") VALUES(477,182,3,'2024-05-31 09:44:29.632','2024-05-31 09:44:29.632');
INSERT INTO consultas_parametros ("id","consulta_id","parametro_id","created_at","updated_at") VALUES(478,182,12,'2024-05-31 09:44:29.633','2024-05-31 09:44:29.633');
INSERT INTO consultas_parametros ("id","consulta_id","parametro_id","created_at","updated_at") VALUES(483,185,12,'2024-05-31 09:46:17.021','2024-05-31 09:46:17.021');
INSERT INTO consultas_parametros ("id","consulta_id","parametro_id","created_at","updated_at") VALUES(484,186,6,'2024-05-31 09:46:48.763','2024-05-31 09:46:48.763');
INSERT INTO consultas_parametros ("id","consulta_id","parametro_id","created_at","updated_at") VALUES(442,161,1,'2024-05-30 16:52:01.533','2024-05-30 16:52:01.533');
INSERT INTO consultas_parametros ("id","consulta_id","parametro_id","created_at","updated_at") VALUES(443,162,2,'2024-05-30 16:52:08.730','2024-05-30 16:52:08.730');
INSERT INTO consultas_parametros ("id","consulta_id","parametro_id","created_at","updated_at") VALUES(444,163,3,'2024-05-30 16:54:30.681','2024-05-30 16:54:30.681');
INSERT INTO consultas_parametros ("id","consulta_id","parametro_id","created_at","updated_at") VALUES(445,163,12,'2024-05-30 16:54:30.682','2024-05-30 16:54:30.682');
INSERT INTO consultas_parametros ("id","consulta_id","parametro_id","created_at","updated_at") VALUES(488,188,3,'2024-05-31 09:48:00.760','2024-05-31 09:48:00.760');
INSERT INTO consultas_parametros ("id","consulta_id","parametro_id","created_at","updated_at") VALUES(489,188,12,'2024-05-31 09:48:00.762','2024-05-31 09:48:00.762');
INSERT INTO consultas_parametros ("id","consulta_id","parametro_id","created_at","updated_at") VALUES(490,189,12,'2024-05-31 09:48:17.272','2024-05-31 09:48:17.272');
INSERT INTO consultas_parametros ("id","consulta_id","parametro_id","created_at","updated_at") VALUES(491,190,6,'2024-05-31 09:48:26.382','2024-05-31 09:48:26.382');
INSERT INTO consultas_parametros ("id","consulta_id","parametro_id","created_at","updated_at") VALUES(404,143,1,'2024-05-25 13:40:53.714','2024-05-25 13:40:53.714');
INSERT INTO consultas_parametros ("id","consulta_id","parametro_id","created_at","updated_at") VALUES(405,144,2,'2024-05-25 13:41:00.802','2024-05-25 13:41:00.802');
INSERT INTO consultas_parametros ("id","consulta_id","parametro_id","created_at","updated_at") VALUES(446,164,12,'2024-05-30 17:23:51.002','2024-05-30 17:23:51.002');
INSERT INTO consultas_parametros ("id","consulta_id","parametro_id","created_at","updated_at") VALUES(436,1,1,'2024-05-30 13:12:06.355','2024-05-30 13:12:06.355');
INSERT INTO consultas_parametros ("id","consulta_id","parametro_id","created_at","updated_at") VALUES(447,165,6,'2024-05-30 17:24:34.256','2024-05-30 17:24:34.257');
INSERT INTO consultas_parametros ("id","consulta_id","parametro_id","created_at","updated_at") VALUES(448,165,12,'2024-05-30 17:24:34.258','2024-05-30 17:24:34.258');
INSERT INTO consultas_parametros ("id","consulta_id","parametro_id","created_at","updated_at") VALUES(449,166,8,'2024-05-30 17:24:46.158','2024-05-30 17:24:46.158');
INSERT INTO consultas_parametros ("id","consulta_id","parametro_id","created_at","updated_at") VALUES(450,166,12,'2024-05-30 17:24:46.159','2024-05-30 17:24:46.159');
INSERT INTO consultas_parametros ("id","consulta_id","parametro_id","created_at","updated_at") VALUES(455,169,12,'2024-05-31 09:26:48.707','2024-05-31 09:26:48.707');
INSERT INTO consultas_parametros ("id","consulta_id","parametro_id","created_at","updated_at") VALUES(456,170,8,'2024-05-31 09:26:57.125','2024-05-31 09:26:57.125');
INSERT INTO consultas_parametros ("id","consulta_id","parametro_id","created_at","updated_at") VALUES(457,170,12,'2024-05-31 09:26:57.125','2024-05-31 09:26:57.125');
INSERT INTO consultas_parametros ("id","consulta_id","parametro_id","created_at","updated_at") VALUES(462,173,12,'2024-05-31 09:28:53.466','2024-05-31 09:28:53.466');
INSERT INTO consultas_parametros ("id","consulta_id","parametro_id","created_at","updated_at") VALUES(463,174,8,'2024-05-31 09:29:11.811','2024-05-31 09:29:11.811');
INSERT INTO consultas_parametros ("id","consulta_id","parametro_id","created_at","updated_at") VALUES(464,174,12,'2024-05-31 09:29:11.813','2024-05-31 09:29:11.813');
INSERT INTO consultas_parametros ("id","consulta_id","parametro_id","created_at","updated_at") VALUES(469,177,12,'2024-05-31 09:41:35.985','2024-05-31 09:41:35.985');
INSERT INTO consultas_parametros ("id","consulta_id","parametro_id","created_at","updated_at") VALUES(474,180,12,'2024-05-31 09:43:26.154','2024-05-31 09:43:26.154');
INSERT INTO consultas_parametros ("id","consulta_id","parametro_id","created_at","updated_at") VALUES(475,181,8,'2024-05-31 09:43:45.718','2024-05-31 09:43:45.718');
INSERT INTO consultas_parametros ("id","consulta_id","parametro_id","created_at","updated_at") VALUES(476,181,12,'2024-05-31 09:43:45.719','2024-05-31 09:43:45.719');
INSERT INTO consultas_parametros ("id","consulta_id","parametro_id","created_at","updated_at") VALUES(485,186,12,'2024-05-31 09:46:48.764','2024-05-31 09:46:48.764');
INSERT INTO consultas_parametros ("id","consulta_id","parametro_id","created_at","updated_at") VALUES(486,187,8,'2024-05-31 09:47:03.001','2024-05-31 09:47:03.001');
INSERT INTO consultas_parametros ("id","consulta_id","parametro_id","created_at","updated_at") VALUES(487,187,12,'2024-05-31 09:47:03.002','2024-05-31 09:47:03.002');
INSERT INTO consultas_parametros ("id","consulta_id","parametro_id","created_at","updated_at") VALUES(492,190,12,'2024-05-31 09:48:26.382','2024-05-31 09:48:26.382');

