drop table auditorias;
drop table blacklisted_tokens;
drop table clientes;
drop table parametros_consultas;
drop table user_roles;
drop table tipo_consultas;
drop table usuarios;

CREATE TABLE "auditorias" (
	"id" BIGINT NOT NULL DEFAULT AUTOINCREMENT UNIQUE,
	"usuario_id" INTEGER NOT NULL,
	"rol_id" INTEGER NOT NULL,
	"ruta" VARCHAR(255) NULL,
	"method" VARCHAR(10) NULL,
	"body" VARCHAR(2500) NULL,
	"ip_cliente" VARCHAR(50) NULL,
	"created_at" "datetime" NOT NULL DEFAULT CURRENT TIMESTAMP,
	"update_at" "datetime" NOT NULL DEFAULT CURRENT TIMESTAMP,
	PRIMARY KEY ( "id" ASC )
) IN "system";


CREATE TABLE "blacklisted_tokens" (
	"id" INTEGER NOT NULL DEFAULT AUTOINCREMENT,
	"user_id" INTEGER NOT NULL,
	"token" VARCHAR(255) NOT NULL UNIQUE,
	"reason" VARCHAR(255) NULL,
	"created_at" "datetime" NULL DEFAULT CURRENT TIMESTAMP,
	"updated_at" "datetime" NULL DEFAULT CURRENT TIMESTAMP,
	PRIMARY KEY ( "id" ASC )
) IN "system";

CREATE TABLE "clientes" (
	"id" INTEGER NOT NULL DEFAULT AUTOINCREMENT UNIQUE,
	"rif" VARCHAR(20) NOT NULL UNIQUE,
	"nombre_cliente" VARCHAR(50) NOT NULL,
	"connections" VARCHAR(255) NULL,
	"logo" VARCHAR(255) NULL,
	"created_at" "datetime" NULL DEFAULT CURRENT TIMESTAMP,
	"updated_at" "datetime" NULL DEFAULT CURRENT TIMESTAMP,
	"enabled" BIT NULL DEFAULT 1,
	"name_bd_table" VARCHAR(6000) NULL,
	"name_bd_column_numero_control" VARCHAR(100) NULL,
	"name_bd_column_fecha_emision" VARCHAR(100) NULL,
	"name_bd_column_fecha_emision_format" VARCHAR(100) NULL,
	"name_bd_column_fecha_asignacion" VARCHAR(100) NULL,
	"name_bd_column_fecha_asignacion_format" VARCHAR(100) NULL,
	"name_bd_column_numero_documento" VARCHAR(100) NULL,
	"name_bd_column_numero_documento_format" VARCHAR(100) NULL,
	"name_bd_table_coletilla" VARCHAR(255) NULL,
	"url_prod" VARCHAR(255) NULL,
	"url_qa" VARCHAR(255) NULL,
	"is_prod" BIT NOT NULL DEFAULT 0,
	"name_bd_column_tipo_documento" VARCHAR(255) NULL,
	"name_bd_column_tipo_documento_format" VARCHAR(1000) NULL,
	"name_bd_column_tipo_documento_view_pdf_format" VARCHAR(255) NULL,
	"numero_control_view_pdf_format" BIT NOT NULL DEFAULT 0,
	"encrypt_url_format" VARCHAR(255) NULL,
	"encrypt_url_format_order" VARCHAR(255) NULL,
	"name_bd_column_encrypt" VARCHAR(255) NULL,
	"name_bd_column_encrypt_others" VARCHAR(255) NULL,
	"name_bd_column_rif" VARCHAR(255) NULL,
	"name_bd_column_razon_social" VARCHAR(255) NULL,
	"name_bd_column_codigo_operacion" VARCHAR(255) NULL,
	"name_bd_column_serie" VARCHAR(255) NULL,
	"name_bd_column_hora_emision" VARCHAR(255) NULL,
	"name_bd_column_status" VARCHAR(255) NULL,
	"name_bd_column_motivo_anulacion" VARCHAR(255) NULL,
	"name_bd_column_fecha_anulacion" VARCHAR(255) NULL,
	"name_bd_column_hora_anulacion" VARCHAR(255) NULL,
	"name_bd_column_neto_pagar" VARCHAR(255) NULL,
	"name_bd_column_igtf" VARCHAR(255) NULL,
	"name_bd_column_total_pagar" VARCHAR(255) NULL,
	"name_bd_column_base_imponible" VARCHAR(25) NULL,
	"name_bd_column_monto_iva" VARCHAR(255) NULL,
	"name_bd_column_monto_exento" VARCHAR(255) NULL,
	"name_bd_column_monto_no_sujeto" VARCHAR(255) NULL,
	PRIMARY KEY ( "id" ASC )
) IN "system";

CREATE TABLE "consultas" (
	"id" INTEGER NOT NULL DEFAULT AUTOINCREMENT UNIQUE,
	"nombre" VARCHAR(255) NOT NULL,
	"cliente_id" INTEGER NOT NULL,
	"created_at" TIMESTAMP NULL DEFAULT CURRENT TIMESTAMP,
	"updated_at" TIMESTAMP NULL DEFAULT CURRENT TIMESTAMP,
	PRIMARY KEY ( "id" ASC )
) IN "system";

CREATE TABLE "consultas_parametros" (
	"id" INTEGER NOT NULL DEFAULT AUTOINCREMENT UNIQUE,
	"consulta_id" INTEGER NOT NULL,
	"parametro_id" INTEGER NOT NULL,
	"created_at" TIMESTAMP NULL DEFAULT CURRENT TIMESTAMP,
	"updated_at" TIMESTAMP NULL DEFAULT CURRENT TIMESTAMP,
	PRIMARY KEY ( "id" ASC )
) IN "system";

CREATE TABLE "parametros" (
	"id" INTEGER NOT NULL DEFAULT AUTOINCREMENT UNIQUE,
	"name" VARCHAR(255) NOT NULL,
	"tipo_input" VARCHAR(255) NOT NULL,
	"placeholder" VARCHAR(255) NULL,
	"column_reference_cliente" VARCHAR(255) NOT NULL,
	"created_at" TIMESTAMP NULL DEFAULT CURRENT TIMESTAMP,
	"updated_at" TIMESTAMP NULL DEFAULT CURRENT TIMESTAMP,
	PRIMARY KEY ( "id" ASC )
) IN "system";

CREATE TABLE "roles" (
	"id" INTEGER NOT NULL DEFAULT AUTOINCREMENT,
	"nombre" VARCHAR(150) NOT NULL,
	"descripcion" VARCHAR(150) NOT NULL,
	"created_at" "datetime" NULL DEFAULT CURRENT TIMESTAMP,
	"updated_at" "datetime" NULL DEFAULT CURRENT TIMESTAMP,
	PRIMARY KEY ( "id" ASC )
) IN "system";

CREATE TABLE "usuarios" (
	"id" INTEGER NOT NULL DEFAULT AUTOINCREMENT,
	"email" VARCHAR(150) NOT NULL UNIQUE,
	"password" VARCHAR(255) NOT NULL,
	"rol_id" INTEGER NOT NULL,
	"nombre" VARCHAR(150) NOT NULL,
	"apellido" VARCHAR(150) NOT NULL,
	"prefijo_cedula" VARCHAR(5) NOT NULL,
	"cedula" VARCHAR(10) NOT NULL,
	"access_expiration" DATE NULL,
	"created_at" "datetime" NULL DEFAULT CURRENT TIMESTAMP,
	"updated_at" "datetime" NULL DEFAULT CURRENT TIMESTAMP,
	"registered_by_user_id" INTEGER NULL,
	"enabled" BIT NOT NULL DEFAULT 1,
	"email_alternativo" VARCHAR(150) NOT NULL,
	"ultima_conexion" "datetime" NOT NULL DEFAULT current date,
	"img_profile" VARCHAR(500) NULL,
	"department" VARCHAR(100) NULL,
	"username" VARCHAR(100) NOT NULL UNIQUE,
	"telefono" VARCHAR(11) NULL,
	"jurisdiccion_estado" VARCHAR(100) NULL,
	"jurisdiccion_region" VARCHAR(100) NULL,
	"jurisdiccion_sector" VARCHAR(100) NULL,
	"cargo" VARCHAR(100) NULL,
	"cod_area" CHAR(4) NULL,
	PRIMARY KEY ( "id" ASC )
) IN "system";

CREATE TABLE "usuarios_clientes" (
	"id" INTEGER NOT NULL DEFAULT AUTOINCREMENT,
	"user_id" INTEGER NOT NULL,
	"cliente_id" INTEGER NOT NULL,
	"created_at" "datetime" NULL DEFAULT CURRENT TIMESTAMP,
	"updated_at" "datetime" NULL DEFAULT CURRENT TIMESTAMP,
	PRIMARY KEY ( "id" ASC )
) IN "system";

INSERT INTO "roles" ("id","nombre","descripcion","created_at","updated_at") VALUES(1,'Administrador','','2024-03-19 12:38:33.523','2024-03-19 12:38:33.523');
INSERT INTO "roles" ("id","nombre","descripcion","created_at","updated_at") VALUES(2,'SENIAT','','2024-03-19 12:41:55.765','2024-03-19 12:41:55.765');
INSERT INTO "roles" ("id","nombre","descripcion","created_at","updated_at") VALUES(3,'Cliente','','2024-03-19 12:42:09.424','2024-03-19 12:42:09.424');
INSERT INTO "roles" ("id","nombre","descripcion","created_at","updated_at") VALUES(4,'Atencion al CLiente SL','','2024-03-19 12:42:18.267','2024-03-19 12:42:18.267');

INSERT INTO "usuarios" ("id","email","password","rol_id","nombre","apellido","prefijo_cedula","cedula","access_expiration","created_at","updated_at","registered_by_user_id","enabled","email_alternativo","ultima_conexion","img_profile","department","username","telefono","jurisdiccion_estado","jurisdiccion_region","jurisdiccion_sector","cargo","cod_area") VALUES(1,'carlos_ebb@outlook.com','$2b$10$bJfifB8GTNwTMOwSul8IQuxDD1VTLoesqZgPW8UvbDZHAw5lzNDY2',1,'Carlos','Bolivar','V','24886638',NULL,'2024-03-19 12:27:49.075','2024-03-19 12:27:49.075',NULL,1,'cebolivarbarrios@gmail.com','2024-05-17 16:50:24.905','/uploads/img_perfil/57422a21cde0fcefd1f95397be3be1fb.jpg','Soluciones Laser Desarrollo','carlosebb','3054914','Estado1','region1','sector1','Desarrollador','0414');
INSERT INTO "usuarios" ("id","email","password","rol_id","nombre","apellido","prefijo_cedula","cedula","access_expiration","created_at","updated_at","registered_by_user_id","enabled","email_alternativo","ultima_conexion","img_profile","department","username","telefono","jurisdiccion_estado","jurisdiccion_region","jurisdiccion_sector","cargo","cod_area") VALUES(24,'josio@solucioneslaser.com','$2b$10$bEaUIkLdP2YlVruow6E3eOYcYxdIiHL7dG6qo496FnwZWGDuWpMSO',2,'Juan','Osio','V','12345678','2024-12-11','2024-03-21 13:07:47.952','2024-03-21 13:07:47.952',1,1,'ejemplo@ggmail.com','2024-05-06 13:54:19.231','/uploads/img_perfil/844efba0301e9eb45feb189f770f3162.jpg','Soluciones Laser Soporte','josio','1234567','Estado2','region3','sector5','Carlos','0424');
INSERT INTO "usuarios" ("id","email","password","rol_id","nombre","apellido","prefijo_cedula","cedula","access_expiration","created_at","updated_at","registered_by_user_id","enabled","email_alternativo","ultima_conexion","img_profile","department","username","telefono","jurisdiccion_estado","jurisdiccion_region","jurisdiccion_sector","cargo","cod_area") VALUES(34,'cbolivar@solucioneslaser.com','$2b$10$D.9NBG.XZBv2fzOiJETCi.YL20OXiudBNdOhCGbEeC.NHfVuSmkAW',2,'Pedro','Perez','V','12345678','2024-12-11','2024-03-21 13:07:47.952','2024-03-21 13:07:47.952',24,0,'otro@hgmail.com','2024-04-18 15:47:47.553',NULL,'Soluciones Laser Soporte','slcarlos',NULL,NULL,NULL,NULL,NULL,NULL);
INSERT INTO "usuarios" ("id","email","password","rol_id","nombre","apellido","prefijo_cedula","cedula","access_expiration","created_at","updated_at","registered_by_user_id","enabled","email_alternativo","ultima_conexion","img_profile","department","username","telefono","jurisdiccion_estado","jurisdiccion_region","jurisdiccion_sector","cargo","cod_area") VALUES(35,'cirion@cirion.com','$2b$10$D.9NBG.XZBv2fzOiJETCi.YL20OXiudBNdOhCGbEeC.NHfVuSmkAW',3,'Cirion','Admin','V','12345678','2024-12-11','2024-03-21 13:07:47.952','2024-03-21 13:07:47.952',NULL,1,'cirion@hgmail.com','2024-05-17 16:35:30.206',NULL,'Cirion','cirion',NULL,NULL,NULL,NULL,NULL,NULL);
INSERT INTO "usuarios" ("id","email","password","rol_id","nombre","apellido","prefijo_cedula","cedula","access_expiration","created_at","updated_at","registered_by_user_id","enabled","email_alternativo","ultima_conexion","img_profile","department","username","telefono","jurisdiccion_estado","jurisdiccion_region","jurisdiccion_sector","cargo","cod_area") VALUES(103,'geno@ejemplo.com','$2b$10$nGYHAs14mmdNMVjggJ9lMOip07JZpH.8/xSDX9Ryd.jrPkA9hM/kW',3,'Genobellys','Romero','V','16590141',NULL,'2024-04-26 17:19:20.777','2024-04-26 17:19:20.777',NULL,1,'geno@ejemplo.com','2024-04-26 17:42:30.636',NULL,'Desarrollo Agil','solucioneslaser','1234567',NULL,NULL,NULL,'Lider','0424');
INSERT INTO "usuarios" ("id","email","password","rol_id","nombre","apellido","prefijo_cedula","cedula","access_expiration","created_at","updated_at","registered_by_user_id","enabled","email_alternativo","ultima_conexion","img_profile","department","username","telefono","jurisdiccion_estado","jurisdiccion_region","jurisdiccion_sector","cargo","cod_area") VALUES(104,'luissilvalaguna1@gmail.com','$2b$10$of8ZM1xI.6iceHaA7p24c.QOpEC1QlsFozjAjz.9SdvCze4ICdUva',3,'Luis','Silva','V','16590141',NULL,'2024-05-06 13:52:25.373','2024-05-06 13:52:25.373',35,1,'silva@solucioneslaser.com','2024-05-06 13:52:58.529',NULL,'SL','yumaira','1234567',NULL,NULL,NULL,'SL','0424');


INSERT INTO "clientes" ("id","rif","nombre_cliente","connections","logo","created_at","updated_at","enabled","name_bd_table","name_bd_column_numero_control","name_bd_column_fecha_emision","name_bd_column_fecha_emision_format","name_bd_column_fecha_asignacion","name_bd_column_fecha_asignacion_format","name_bd_column_numero_documento","name_bd_column_numero_documento_format","name_bd_table_coletilla","url_prod","url_qa","is_prod","name_bd_column_tipo_documento","name_bd_column_tipo_documento_format","name_bd_column_tipo_documento_view_pdf_format","numero_control_view_pdf_format","encrypt_url_format","encrypt_url_format_order","name_bd_column_encrypt","name_bd_column_encrypt_others","name_bd_column_rif","name_bd_column_razon_social","name_bd_column_codigo_operacion","name_bd_column_serie","name_bd_column_hora_emision","name_bd_column_status","name_bd_column_motivo_anulacion","name_bd_column_fecha_anulacion","name_bd_column_hora_anulacion","name_bd_column_neto_pagar","name_bd_column_igtf","name_bd_column_total_pagar","name_bd_column_base_imponible","name_bd_column_monto_iva","name_bd_column_monto_exento","name_bd_column_monto_no_sujeto") VALUES(1,'J-30046239-0','CIRION TECHNOLOGIES, S.A.','PROD_ws_cirionIQ','/uploads/logo_clientes/8c975e2ae8a7da3908639e883ebd16f4.jpg','2023-12-10 15:06:56.911','2023-12-10 15:06:58.800',1,'(     SELECT  control, CONVERT(VARCHAR(255), nro_documento) AS nro_documento, CR15_tipoCom, CR03_numIden,CONVERT(date, CR14_fechaCom, 112) AS fechaEmision, CR04_nomComprador , hora_carga , PI02_imporComprobante,     PI34_baseImpLocal, PI05_imporIva, iv.poriva,  MOTIVOANULACION, FECHAANULACION, HORAANULACION      FROM cabecera,pie,iv WHERE pie.nom_archivo = cabecera.nom_archivo and iv.nom_archivo = cabecera.nom_archivo     UNION ALL     SELECT  cabecera_AUT.control, CONVERT(VARCHAR(255), nro_documento) AS nro_documento, CR15_tipoCom, CR05_rifCirion AS CR03_numIden, CR03_fechaEmision AS fechaEmision, CR04_nomProveedor AS CR04_nomComprador, hora_proceso AS hora_carga, PI04_totalPagarBs AS PI02_imporComprobante,     PI02_baseImponbleBs AS PI34_baseImpLocal,PI03_IVABs as PI05_imporIva, null as poriva,  MOTIVOANULACION, FECHAANULACION, HORAANULACION      FROM cabecera_AUT,PI_AUT WHERE PI_AUT.nom_archivo = cabecera_AUT.nom_archivo      UNION ALL     SELECT cabecera_GD.control, CONVERT(VARCHAR(255), nro_documento) AS nro_documento, CR15_tipoCom, CR10_rifEntrega AS CR03_numIden, CR02_fechaEmision AS fechaEmision, CR06_nombreEntrega AS CR04_nomComprador, hora_proceso AS hora_carga,     NULL AS PI02_imporComprobante, NULL AS PI34_baseImpLocal,null as  PI05_imporIva, null as poriva,  MOTIVOANULACION, FECHAANULACION, HORAANULACION     FROM cabecera_GD,PI_GD WHERE PI_GD.nom_archivo = cabecera_GD.nom_archivo ) AS encabezado','control','fechaEmision','YYYY-MM-DD','fechaEmision','YYYY-MM-DD','nro_documento',NULL,NULL,'https://wsdocdigital-cirion.solucioneslaser.com/CirionIQ-war/recursos/consulta/factura/{{encrypt}}',NULL,1,'CR15_tipoCom','{"placeholder":["Factura","Nota de Debito","Nota de Crédito"],"values":[["1"],["2"],["3"]]}','["FACT", "ND", "NC"]',1,'["codificar","base64"]','{{tipo_documento}}{{numero_control}}',NULL,NULL,'CR03_numIden','CR04_nomComprador',NULL,NULL,'hora_carga',NULL,'MOTIVOANULACION','FECHAANULACION','HORAANULACION','PI02_imporComprobante',NULL,'PI02_imporComprobante','PI34_baseImpLocal','PI05_imporIva',NULL,NULL);
INSERT INTO "clientes" ("id","rif","nombre_cliente","connections","logo","created_at","updated_at","enabled","name_bd_table","name_bd_column_numero_control","name_bd_column_fecha_emision","name_bd_column_fecha_emision_format","name_bd_column_fecha_asignacion","name_bd_column_fecha_asignacion_format","name_bd_column_numero_documento","name_bd_column_numero_documento_format","name_bd_table_coletilla","url_prod","url_qa","is_prod","name_bd_column_tipo_documento","name_bd_column_tipo_documento_format","name_bd_column_tipo_documento_view_pdf_format","numero_control_view_pdf_format","encrypt_url_format","encrypt_url_format_order","name_bd_column_encrypt","name_bd_column_encrypt_others","name_bd_column_rif","name_bd_column_razon_social","name_bd_column_codigo_operacion","name_bd_column_serie","name_bd_column_hora_emision","name_bd_column_status","name_bd_column_motivo_anulacion","name_bd_column_fecha_anulacion","name_bd_column_hora_anulacion","name_bd_column_neto_pagar","name_bd_column_igtf","name_bd_column_total_pagar","name_bd_column_base_imponible","name_bd_column_monto_iva","name_bd_column_monto_exento","name_bd_column_monto_no_sujeto") VALUES(2,'J-09006646-2','CORPORACION DROLANCA C.A.','PROD_ws_drolanca032','/uploads/logo_clientes/dbff700f43db54d16cc7a6095dfffd0f.jpg','2023-12-10 15:06:56.911','2023-12-10 15:06:58.800',1,'(SELECT * FROM cabecera LEFT JOIN pie ON cabecera.XBLNR = pie.XBLNR) as encabezado','numero_control_numerico','ERDAT','YYYY-MM-DD','FECHACARGA','YYYY-MM-DD','BELNR',NULL,NULL,'https://wsdocdigital-drolanca.solucioneslaser.com/Drolanca-war/recursos/consulta/factura/{{encrypt}}',NULL,1,'L_LETRA','{"placeholder":["Factura","Nota de Debito","Nota de Crédito"],"values":[["FME","FPS","FPU","FAC","FFL"],["NDF"],["NCF", "NCL"]]}',NULL,1,'["codificar","base64"]','{{tipo_documento}}{{numero_control}}',NULL,NULL,'B_RIF','B_NOMBRE',NULL,NULL,'HORACARGA','ANULADO','MOTIVOANULACION','FECHAANULACION','HORAANULACION','TOTAL_FACT',NULL,'TOTAL_FACT','BASE_IMP','TOTAL_IVA','EXENTO',NULL);
INSERT INTO "clientes" ("id","rif","nombre_cliente","connections","logo","created_at","updated_at","enabled","name_bd_table","name_bd_column_numero_control","name_bd_column_fecha_emision","name_bd_column_fecha_emision_format","name_bd_column_fecha_asignacion","name_bd_column_fecha_asignacion_format","name_bd_column_numero_documento","name_bd_column_numero_documento_format","name_bd_table_coletilla","url_prod","url_qa","is_prod","name_bd_column_tipo_documento","name_bd_column_tipo_documento_format","name_bd_column_tipo_documento_view_pdf_format","numero_control_view_pdf_format","encrypt_url_format","encrypt_url_format_order","name_bd_column_encrypt","name_bd_column_encrypt_others","name_bd_column_rif","name_bd_column_razon_social","name_bd_column_codigo_operacion","name_bd_column_serie","name_bd_column_hora_emision","name_bd_column_status","name_bd_column_motivo_anulacion","name_bd_column_fecha_anulacion","name_bd_column_hora_anulacion","name_bd_column_neto_pagar","name_bd_column_igtf","name_bd_column_total_pagar","name_bd_column_base_imponible","name_bd_column_monto_iva","name_bd_column_monto_exento","name_bd_column_monto_no_sujeto") VALUES(3,'J-00362916-2','SOLUCIONES LASER C.A','PROD_solucioneslaser','/uploads/logo_clientes/1245a4c6153f927aae66d31000c52695.jpg','2023-12-10 15:06:56.911','2023-12-10 15:06:58.800',1,'(     SELECT encabezado.*, resumen.RES_total_pagar_bs, resumen.RES_IGTF_bs, resumen.RES_subtotal_factura_bs, resumen.RES_base_imponible_bs, resumen.RES_montoIVA_bs, resumen.RES_total_exento_bs FROM encabezado LEFT JOIN resumen ON encabezado.con = resumen.con ) as encabezado','numero_control_numerico','CA_fecha_emision','YYYY-MM-DD','CA_fecha_asigControl','YYYY-MM-DD','CA_nro_factura','0000044931',NULL,'https://wsdocdigital-laser.solucioneslaser.com/solucionesLaser-war/recursos/documento/pdf/{{encrypt}}',NULL,1,'CA_tipo_documento','{"placeholder":["Factura","Nota de Debito","Nota de Crédito"],"values":[["FA"],["ND"],["NC"]]}',NULL,0,'["base64"]','{{tipo_documento}}{{numero_documento}}',NULL,NULL,'CA_rif','CA_razon_social','CA_cod_operacion',NULL,'CA_hora_emision','ANULADO','MOTIVOANULACION','FECHAANULACION','HORAANULACION','RES_total_pagar_bs','RES_IGTF_bs','RES_total_pagar_bs','RES_base_imponible_bs','RES_montoIVA_bs','RES_total_pagar_bs',NULL);
INSERT INTO "clientes" ("id","rif","nombre_cliente","connections","logo","created_at","updated_at","enabled","name_bd_table","name_bd_column_numero_control","name_bd_column_fecha_emision","name_bd_column_fecha_emision_format","name_bd_column_fecha_asignacion","name_bd_column_fecha_asignacion_format","name_bd_column_numero_documento","name_bd_column_numero_documento_format","name_bd_table_coletilla","url_prod","url_qa","is_prod","name_bd_column_tipo_documento","name_bd_column_tipo_documento_format","name_bd_column_tipo_documento_view_pdf_format","numero_control_view_pdf_format","encrypt_url_format","encrypt_url_format_order","name_bd_column_encrypt","name_bd_column_encrypt_others","name_bd_column_rif","name_bd_column_razon_social","name_bd_column_codigo_operacion","name_bd_column_serie","name_bd_column_hora_emision","name_bd_column_status","name_bd_column_motivo_anulacion","name_bd_column_fecha_anulacion","name_bd_column_hora_anulacion","name_bd_column_neto_pagar","name_bd_column_igtf","name_bd_column_total_pagar","name_bd_column_base_imponible","name_bd_column_monto_iva","name_bd_column_monto_exento","name_bd_column_monto_no_sujeto") VALUES(4,'J-30018017-4','SODEXHO PASS VENEZUELA, C.A.','PROD_ws_sodexo','/uploads/logo_clientes/e12b5fbb403af86a29dd13f36cd3ca4e.jpg','2023-12-10 15:06:56.911','2023-12-10 15:06:58.800',1,'(     SELECT  REG_0.descripcion21 AS razonSocial,  REG_4.monto5 AS neto5,  REG_4.monto4 AS tpBS,  REG_4.monto1 AS base_im,  REG_4.monto3 AS iva,  REG_4.monto2 AS exento,  REG_3.monto4 AS IGTF4,  REG_3.descripcion11 AS netoAPAGAR,  REG_3.monto2 AS totalSU,  REG_2.monto3 AS basImpo, REG_1.* FROM  REG_4 JOIN  REG_1 ON REG_4.control = REG_1.control JOIN  REG_0 ON REG_0.control = REG_4.control JOIN  REG_3 ON REG_4.control = REG_3.control LEFT JOIN  REG_2 ON REG_4.control = REG_2.control ) AS encabezado','control','fecha','YYYY-MM-DD','fecha','YYYY-MM-DD','numero1','023-000013;0023148673',NULL,'https://wsdocdigital-sodexo.solucioneslaser.com/Sodexo-war/recursos/consulta/factura/{{encrypt}}',NULL,1,'numero2','{"placeholder":["Factura","Nota de Debito","Nota de Crédito"],"values":[["1"],["3"],["2"]]}','["FC", "ND", "NC"]',1,'["base64"]','{{tipo_documento}}{{numero_control}}',NULL,NULL,'descripcion20','razonSocial','descripcion16',NULL,'descripcion16','ANULADO','MOTIVOANULACION','FECHAANULACION','HORAANULACION','netoAPAGAR','IGTF4','netoAPAGAR','basImpo','iva','exento',NULL);
INSERT INTO "clientes" ("id","rif","nombre_cliente","connections","logo","created_at","updated_at","enabled","name_bd_table","name_bd_column_numero_control","name_bd_column_fecha_emision","name_bd_column_fecha_emision_format","name_bd_column_fecha_asignacion","name_bd_column_fecha_asignacion_format","name_bd_column_numero_documento","name_bd_column_numero_documento_format","name_bd_table_coletilla","url_prod","url_qa","is_prod","name_bd_column_tipo_documento","name_bd_column_tipo_documento_format","name_bd_column_tipo_documento_view_pdf_format","numero_control_view_pdf_format","encrypt_url_format","encrypt_url_format_order","name_bd_column_encrypt","name_bd_column_encrypt_others","name_bd_column_rif","name_bd_column_razon_social","name_bd_column_codigo_operacion","name_bd_column_serie","name_bd_column_hora_emision","name_bd_column_status","name_bd_column_motivo_anulacion","name_bd_column_fecha_anulacion","name_bd_column_hora_anulacion","name_bd_column_neto_pagar","name_bd_column_igtf","name_bd_column_total_pagar","name_bd_column_base_imponible","name_bd_column_monto_iva","name_bd_column_monto_exento","name_bd_column_monto_no_sujeto") VALUES(5,'J-30467796-0','HISPANA DE SEGUROS','PROD_HispanaSeguro','/uploads/logo_clientes/c75fae0ae69a9005c2bc2e38a918efb1.jpg','2023-12-10 15:06:56.911','2023-12-10 15:06:58.800',1,'encabezado','NRCONTROLSL','fechaemision_date','YYYY-MM-DD','fechaasignacion_date','YYYY-MM-DD','NFACTURA',NULL,NULL,'https://wsdocdigital-hispana.solucioneslaser.com/hispana-war/recursos/documento/factura/{{encrypt}}',NULL,1,'TIPODOC','{"placeholder":["Factura","Nota de Debito","Nota de Crédito"],"values":[["FA"],["ND"],["NC"]]}',NULL,1,'["codificar","base64"]','{{numero_control}}',NULL,NULL,'RIFCEDULA','NOMBRECLIENTE','CODIGOACTIVIDAD',NULL,'HORADEEMSION','ANULADO','MOTIVOANULACION','FECHAANULACION','HORAANULACION','MONTO_NETO_LOCAL_IGTF','MONTO_IGTF_LOCAL','MONTOBs','IVA','TOTALIVA','TOTALIVA','MONTOBs');
INSERT INTO "clientes" ("id","rif","nombre_cliente","connections","logo","created_at","updated_at","enabled","name_bd_table","name_bd_column_numero_control","name_bd_column_fecha_emision","name_bd_column_fecha_emision_format","name_bd_column_fecha_asignacion","name_bd_column_fecha_asignacion_format","name_bd_column_numero_documento","name_bd_column_numero_documento_format","name_bd_table_coletilla","url_prod","url_qa","is_prod","name_bd_column_tipo_documento","name_bd_column_tipo_documento_format","name_bd_column_tipo_documento_view_pdf_format","numero_control_view_pdf_format","encrypt_url_format","encrypt_url_format_order","name_bd_column_encrypt","name_bd_column_encrypt_others","name_bd_column_rif","name_bd_column_razon_social","name_bd_column_codigo_operacion","name_bd_column_serie","name_bd_column_hora_emision","name_bd_column_status","name_bd_column_motivo_anulacion","name_bd_column_fecha_anulacion","name_bd_column_hora_anulacion","name_bd_column_neto_pagar","name_bd_column_igtf","name_bd_column_total_pagar","name_bd_column_base_imponible","name_bd_column_monto_iva","name_bd_column_monto_exento","name_bd_column_monto_no_sujeto") VALUES(6,'J-30083118-3','BANESCO SEGUROS, C.A.','PROD_BanescoSeguros','/uploads/logo_clientes/89be7283e431d9b7aaf3e1789ed5e4ac.jpg','2023-12-10 15:06:56.911','2023-12-10 15:06:58.800',1,'factura','id_unico','FechaDocumento','YYYY-MM-DD','fecharetencioncomprobante','YYYY-MM-DD','NumeroDocumento',NULL,NULL,'https://wakalbanesco-seguros.solucioneslaser.com/Aplicacion/Busquedas/visualizar.php?num={{encrypt}}',NULL,1,'TipoDocumento','{"placeholder":["Factura","Nota de Debito","Nota de Crédito"],"values":[["1"],["2"],["3"]]}',NULL,0,'["base64"]','{{numero_control}}',NULL,NULL,'RIFCliente','nombre',NULL,NULL,'HoraEmision',NULL,NULL,NULL,NULL,'total_pagar','base_imponible_calidad_responsable','total_pagar','MontoBaseimponibleIVA','MontoIva','MontoExento','Precio');
INSERT INTO "clientes" ("id","rif","nombre_cliente","connections","logo","created_at","updated_at","enabled","name_bd_table","name_bd_column_numero_control","name_bd_column_fecha_emision","name_bd_column_fecha_emision_format","name_bd_column_fecha_asignacion","name_bd_column_fecha_asignacion_format","name_bd_column_numero_documento","name_bd_column_numero_documento_format","name_bd_table_coletilla","url_prod","url_qa","is_prod","name_bd_column_tipo_documento","name_bd_column_tipo_documento_format","name_bd_column_tipo_documento_view_pdf_format","numero_control_view_pdf_format","encrypt_url_format","encrypt_url_format_order","name_bd_column_encrypt","name_bd_column_encrypt_others","name_bd_column_rif","name_bd_column_razon_social","name_bd_column_codigo_operacion","name_bd_column_serie","name_bd_column_hora_emision","name_bd_column_status","name_bd_column_motivo_anulacion","name_bd_column_fecha_anulacion","name_bd_column_hora_anulacion","name_bd_column_neto_pagar","name_bd_column_igtf","name_bd_column_total_pagar","name_bd_column_base_imponible","name_bd_column_monto_iva","name_bd_column_monto_exento","name_bd_column_monto_no_sujeto") VALUES(7,'J-08518977-7','DROGUERIA NENA C.A.','PROD_dronena','/uploads/logo_clientes/691cadcbc3ceafb3418e86de876822c6.jpg','2023-12-10 15:06:56.911','2023-12-10 15:06:58.800',1,'Encabezado','NUMCONTROL','FECHADOC','YYYY-MM-DD','FECHACONTROL','YYYY-MM-DD','NUMERODOC',NULL,NULL,'https://getdocdigital-dronena.solucioneslaser.com/dronena-war/recursos/documento/ver/{{encrypt}}',NULL,1,'TIPODOC','{"placeholder":["Factura","Nota de Debito","Nota de Crédito","Nota de Entrega"],"values":[["FA"],["ND"],["NC"],["NE"]]}',NULL,0,NULL,NULL,'CONTROLECRIPT',NULL,'RIF','NOMCLI1',NULL,'SERIE','HORADOC','ESTATUS','MOTIVO','FECHAANULADO','HORAANULADO','TOTAL','LINEAPIE3','TOTAL','GRAVADO','MONTOIMPUESTO','EXENTO',NULL);
INSERT INTO "clientes" ("id","rif","nombre_cliente","connections","logo","created_at","updated_at","enabled","name_bd_table","name_bd_column_numero_control","name_bd_column_fecha_emision","name_bd_column_fecha_emision_format","name_bd_column_fecha_asignacion","name_bd_column_fecha_asignacion_format","name_bd_column_numero_documento","name_bd_column_numero_documento_format","name_bd_table_coletilla","url_prod","url_qa","is_prod","name_bd_column_tipo_documento","name_bd_column_tipo_documento_format","name_bd_column_tipo_documento_view_pdf_format","numero_control_view_pdf_format","encrypt_url_format","encrypt_url_format_order","name_bd_column_encrypt","name_bd_column_encrypt_others","name_bd_column_rif","name_bd_column_razon_social","name_bd_column_codigo_operacion","name_bd_column_serie","name_bd_column_hora_emision","name_bd_column_status","name_bd_column_motivo_anulacion","name_bd_column_fecha_anulacion","name_bd_column_hora_anulacion","name_bd_column_neto_pagar","name_bd_column_igtf","name_bd_column_total_pagar","name_bd_column_base_imponible","name_bd_column_monto_iva","name_bd_column_monto_exento","name_bd_column_monto_no_sujeto") VALUES(8,'J-31650803-0','SOLUCIONES DE LOCALIZACION TRACKER,  C.A.','PROD_tracker','/uploads/logo_clientes/882014e7776fd0c8a669338bba79f877.jpg','2023-12-10 15:06:56.911','2023-12-10 15:06:58.800',1,'(SELECT f.*,a.motivo AS motivo_anulado, a.fecha AS fecha_anulado,a.hora AS hora_anulado FROM factura f LEFT JOIN anulado a ON f.id_unico = a.nro_control) as encabezado','id_unico','FechaDocumento','YYYY-MM-DD','FechaDocumento','YYYY-MM-DD','NumeroDocumento',NULL,NULL,'https://portaldocdigital-tracker.solucioneslaser.com/Aplicacion/Busquedas/visualizar.php?num={{encrypt}}',NULL,1,'TipoDocumento','{"placeholder":["Factura","Nota de Debito","Nota de Crédito"],"values":[["1"],["2"],["3"]]}',NULL,0,NULL,'{{numero_control}}',NULL,NULL,'RIFCliente','nombre','CodigoOperacion',NULL,'HoraEmision',NULL,'motivo_anulado','fecha_anulado','hora_anulado','total_neto','igtf','total_pagar','MontoBaseimponibleIVA','MontoIva','MontoExento',NULL);
INSERT INTO "clientes" ("id","rif","nombre_cliente","connections","logo","created_at","updated_at","enabled","name_bd_table","name_bd_column_numero_control","name_bd_column_fecha_emision","name_bd_column_fecha_emision_format","name_bd_column_fecha_asignacion","name_bd_column_fecha_asignacion_format","name_bd_column_numero_documento","name_bd_column_numero_documento_format","name_bd_table_coletilla","url_prod","url_qa","is_prod","name_bd_column_tipo_documento","name_bd_column_tipo_documento_format","name_bd_column_tipo_documento_view_pdf_format","numero_control_view_pdf_format","encrypt_url_format","encrypt_url_format_order","name_bd_column_encrypt","name_bd_column_encrypt_others","name_bd_column_rif","name_bd_column_razon_social","name_bd_column_codigo_operacion","name_bd_column_serie","name_bd_column_hora_emision","name_bd_column_status","name_bd_column_motivo_anulacion","name_bd_column_fecha_anulacion","name_bd_column_hora_anulacion","name_bd_column_neto_pagar","name_bd_column_igtf","name_bd_column_total_pagar","name_bd_column_base_imponible","name_bd_column_monto_iva","name_bd_column_monto_exento","name_bd_column_monto_no_sujeto") VALUES(9,'J-00102174-4','ZOOM INTERNATIONAL SERVICES, C.A','PROD_WakalZoom','/uploads/logo_clientes/26bd197d4af3abd584ff2afa93e0a882.jpg','2023-12-10 15:06:56.911','2023-12-10 15:06:58.800',1,'encabezado','numcontrol','fecha_emision','YYYY-MM-DD','fecha_control','YYYY-MM-DD','nrodocumento','F-0000000001;NC-000000003;ND-000000001',NULL,'https://zoomws.solucioneslaser.com/SWakalZoom-war/recursos/documento/ver/{{encrypt}}',NULL,1,'tipodoccumento','{"placeholder":["Factura","Nota de Debito","Nota de Crédito"],"values":[["FA"],["ND"],["NC"]]}',NULL,1,NULL,'{{numero_control}}',NULL,NULL,'rifcli','nombrecli','codigo_ciiu',NULL,'horaemision','estatus','motivo','fechahoraanulado',NULL,'totalpagar','igtf','totalpagar','baseimp','montoiva','excento',NULL);
INSERT INTO "clientes" ("id","rif","nombre_cliente","connections","logo","created_at","updated_at","enabled","name_bd_table","name_bd_column_numero_control","name_bd_column_fecha_emision","name_bd_column_fecha_emision_format","name_bd_column_fecha_asignacion","name_bd_column_fecha_asignacion_format","name_bd_column_numero_documento","name_bd_column_numero_documento_format","name_bd_table_coletilla","url_prod","url_qa","is_prod","name_bd_column_tipo_documento","name_bd_column_tipo_documento_format","name_bd_column_tipo_documento_view_pdf_format","numero_control_view_pdf_format","encrypt_url_format","encrypt_url_format_order","name_bd_column_encrypt","name_bd_column_encrypt_others","name_bd_column_rif","name_bd_column_razon_social","name_bd_column_codigo_operacion","name_bd_column_serie","name_bd_column_hora_emision","name_bd_column_status","name_bd_column_motivo_anulacion","name_bd_column_fecha_anulacion","name_bd_column_hora_anulacion","name_bd_column_neto_pagar","name_bd_column_igtf","name_bd_column_total_pagar","name_bd_column_base_imponible","name_bd_column_monto_iva","name_bd_column_monto_exento","name_bd_column_monto_no_sujeto") VALUES(10,'J-00091991-7','DOCUMENTOS MERCANTILES, S.A. DOMESA','PROD_Domesa','/uploads/logo_clientes/fcf7eddf7f6ed4f7437c6c9818d3b80f.jpg','2023-12-10 15:06:56.911','2023-12-10 15:06:58.800',1,'( SELECT convert(date, EncabezadoFactura.FECHEMIS, 104) AS fechaemision, EncabezadoFactura.NUMEROCONTROL AS control, EncabezadoFactura.NROFACT AS nro_Fac, EncabezadoFactura.NRORIF AS rif, EncabezadoFactura.TIPODOCUMENTO, EncabezadoFactura.OBSERV4 AS hora, EncabezadoFactura.NUMEROCONTROLENCRIPTADO, EncabezadoFactura.STATUSANULACION, SUBSTRING(EncabezadoFactura.FECHAHORA, 7, 4) || ''-'' || SUBSTRING(EncabezadoFactura.FECHAHORA, 4, 2) || ''-'' || SUBSTRING(EncabezadoFactura.FECHAHORA, 1, 2) AS FECHAASIGNA FROM EncabezadoFactura, ReporteDatos WHERE EncabezadoFactura.NUMEROCONTROL = ReporteDatos.TIPODOCUMENTO UNION ALL SELECT CONVERT( date, DIAEMI1 + ''-'' + MESEMI1 + ''-'' + ANOEMI1, 104 ) AS fechaemision, EncabezadoCredito.NUMEROCONTROL AS control, NRONCR1 AS nro_Fac, NRORIF1 AS rif, EncabezadoCredito.TIPODOCUMENTO, '''' AS hora, EncabezadoCredito.NUMEROCONTROLENCRIPTADO, EncabezadoCredito.STATUSANULACION, SUBSTRING(EncabezadoCredito.FECHAHORA, 7, 4) || ''-'' || SUBSTRING(EncabezadoCredito.FECHAHORA, 4, 2) || ''-'' || SUBSTRING(EncabezadoCredito.FECHAHORA, 1, 2) AS FECHAASIGNA FROM EncabezadoCredito, ReporteDatos WHERE EncabezadoCredito.NUMEROCONTROL = ReporteDatos.TIPODOCUMENTO ) AS encabezado','control','fechaemision','DD-MM-YYYY','FECHAASIGNA','DD-MM-YYYY','nro_Fac',NULL,NULL,'https://wsdomesa.solucioneslaser.com/domesaService-war/recursos/documento/pdf/{{encrypt}}',NULL,1,'TIPODOCUMENTO','{"placeholder":["Factura","Nota de Debito","Nota de Crédito","Guia de Despacho"],"values":[["1", "2"],["5"],["3"],["4"]]}',NULL,1,NULL,NULL,'NUMEROCONTROLENCRIPTADO',NULL,NULL,NULL,NULL,NULL,NULL,NULL,NULL,NULL,NULL,NULL,NULL,NULL,NULL,NULL,NULL,NULL);
INSERT INTO "clientes" ("id","rif","nombre_cliente","connections","logo","created_at","updated_at","enabled","name_bd_table","name_bd_column_numero_control","name_bd_column_fecha_emision","name_bd_column_fecha_emision_format","name_bd_column_fecha_asignacion","name_bd_column_fecha_asignacion_format","name_bd_column_numero_documento","name_bd_column_numero_documento_format","name_bd_table_coletilla","url_prod","url_qa","is_prod","name_bd_column_tipo_documento","name_bd_column_tipo_documento_format","name_bd_column_tipo_documento_view_pdf_format","numero_control_view_pdf_format","encrypt_url_format","encrypt_url_format_order","name_bd_column_encrypt","name_bd_column_encrypt_others","name_bd_column_rif","name_bd_column_razon_social","name_bd_column_codigo_operacion","name_bd_column_serie","name_bd_column_hora_emision","name_bd_column_status","name_bd_column_motivo_anulacion","name_bd_column_fecha_anulacion","name_bd_column_hora_anulacion","name_bd_column_neto_pagar","name_bd_column_igtf","name_bd_column_total_pagar","name_bd_column_base_imponible","name_bd_column_monto_iva","name_bd_column_monto_exento","name_bd_column_monto_no_sujeto") VALUES(11,'G-20000199-2','INSTITUTO MUNICIPAL DEL AMBIENTE','PROD_wsima','/uploads/logo_clientes/16c608c841cf4ac8e4f8a6e7f10a5672.jpg','2023-12-10 15:06:56.911','2023-12-10 15:06:58.800',1,'Encabezado','nrocontrol','convert(date,fecha,104)','DD-MM-YYYY','convert(date,fechanrocontrol,104)','DD-MM-YYYY','nrodocumento',NULL,NULL,'https://wsima.solucioneslaser.com/wsima-war/recursos/documento/ver/{{encrypt}}',NULL,1,'tipodocumento','{"placeholder":["Factura","Nota de Debito","Nota de Crédito"],"values":[["FA"],["ND"],["NC"]]}',NULL,1,NULL,'{{tipo_documento}}-{{numero_documento}}/{{numero_control}}',NULL,NULL,'rif','razon',NULL,NULL,'hora','estatus','motivo','fechahoraanulado',NULL,NULL,NULL,NULL,NULL,NULL,NULL,NULL);
INSERT INTO "clientes" ("id","rif","nombre_cliente","connections","logo","created_at","updated_at","enabled","name_bd_table","name_bd_column_numero_control","name_bd_column_fecha_emision","name_bd_column_fecha_emision_format","name_bd_column_fecha_asignacion","name_bd_column_fecha_asignacion_format","name_bd_column_numero_documento","name_bd_column_numero_documento_format","name_bd_table_coletilla","url_prod","url_qa","is_prod","name_bd_column_tipo_documento","name_bd_column_tipo_documento_format","name_bd_column_tipo_documento_view_pdf_format","numero_control_view_pdf_format","encrypt_url_format","encrypt_url_format_order","name_bd_column_encrypt","name_bd_column_encrypt_others","name_bd_column_rif","name_bd_column_razon_social","name_bd_column_codigo_operacion","name_bd_column_serie","name_bd_column_hora_emision","name_bd_column_status","name_bd_column_motivo_anulacion","name_bd_column_fecha_anulacion","name_bd_column_hora_anulacion","name_bd_column_neto_pagar","name_bd_column_igtf","name_bd_column_total_pagar","name_bd_column_base_imponible","name_bd_column_monto_iva","name_bd_column_monto_exento","name_bd_column_monto_no_sujeto") VALUES(12,'J-31286704-3','TODOTICKET  2004 C.A','PROD_todoticket','/uploads/logo_clientes/94673de3835f63b7f7517f4497872191.jpg','2023-12-10 15:06:56.911','2023-12-10 15:06:58.800',1,'encabezado','controln','fechaemisiondate','YYYY-MM-DD','fechaemisiondate','YYYY-MM-DD','num_fact',NULL,NULL,'https://wstodoticket.solucioneslaser.com/todoticketservicio-war/recursos/documento/pdf/{{encrypt}}',NULL,1,'tipo','{"placeholder": ["Factura","Nota de Debito","Nota de Crédito"],"values": [["F1","F2"], ["ND"], ["NC"]]}',NULL,1,'["codificar","base64"]','{{numero_control}}{{tipo_documento}}',NULL,NULL,'rif_cliente','razon_cliente',NULL,NULL,'hora_emision','anulado','motivo','fehca_anulacion','hora_anulacion',NULL,NULL,NULL,NULL,NULL,NULL,NULL);
INSERT INTO "clientes" ("id","rif","nombre_cliente","connections","logo","created_at","updated_at","enabled","name_bd_table","name_bd_column_numero_control","name_bd_column_fecha_emision","name_bd_column_fecha_emision_format","name_bd_column_fecha_asignacion","name_bd_column_fecha_asignacion_format","name_bd_column_numero_documento","name_bd_column_numero_documento_format","name_bd_table_coletilla","url_prod","url_qa","is_prod","name_bd_column_tipo_documento","name_bd_column_tipo_documento_format","name_bd_column_tipo_documento_view_pdf_format","numero_control_view_pdf_format","encrypt_url_format","encrypt_url_format_order","name_bd_column_encrypt","name_bd_column_encrypt_others","name_bd_column_rif","name_bd_column_razon_social","name_bd_column_codigo_operacion","name_bd_column_serie","name_bd_column_hora_emision","name_bd_column_status","name_bd_column_motivo_anulacion","name_bd_column_fecha_anulacion","name_bd_column_hora_anulacion","name_bd_column_neto_pagar","name_bd_column_igtf","name_bd_column_total_pagar","name_bd_column_base_imponible","name_bd_column_monto_iva","name_bd_column_monto_exento","name_bd_column_monto_no_sujeto") VALUES(13,'J-30259700-5','GALAXY ENTERTAINMENT DE VENEZUELA, S.C.A.','PROD_simpletv032','/uploads/logo_clientes/e3f3b6ce8b75dafc2ff5a13c47910932.jpg','2023-12-10 15:06:56.911','2023-12-10 15:06:58.800',1,'{{Mes}}Encabezado','controln','fecha_emisiond','YYYY-MM-DD','fecha_asignacion','YYYY-MM-DD','numero_factura',NULL,'coletilla','https://wsdocdigital-simpletv.solucioneslaser.com/simpleTv032172023-war/recursos/documento/pdf/{{encrypt}}',NULL,1,'invodoctupe','{"placeholder":["Factura","Nota de Debito","Nota de Crédito"],"values":[["1"],["3"],["2"]]}','["FC", "ND", "NC"]',0,'["codificar","base64"]','{{mes}}{{tipo_documento}}{{numero_documento}}',NULL,NULL,'cedula_rif','nombre_cliente',NULL,NULL,'hora_emision',NULL,NULL,NULL,NULL,NULL,NULL,NULL,NULL,NULL,NULL,NULL);
INSERT INTO "clientes" ("id","rif","nombre_cliente","connections","logo","created_at","updated_at","enabled","name_bd_table","name_bd_column_numero_control","name_bd_column_fecha_emision","name_bd_column_fecha_emision_format","name_bd_column_fecha_asignacion","name_bd_column_fecha_asignacion_format","name_bd_column_numero_documento","name_bd_column_numero_documento_format","name_bd_table_coletilla","url_prod","url_qa","is_prod","name_bd_column_tipo_documento","name_bd_column_tipo_documento_format","name_bd_column_tipo_documento_view_pdf_format","numero_control_view_pdf_format","encrypt_url_format","encrypt_url_format_order","name_bd_column_encrypt","name_bd_column_encrypt_others","name_bd_column_rif","name_bd_column_razon_social","name_bd_column_codigo_operacion","name_bd_column_serie","name_bd_column_hora_emision","name_bd_column_status","name_bd_column_motivo_anulacion","name_bd_column_fecha_anulacion","name_bd_column_hora_anulacion","name_bd_column_neto_pagar","name_bd_column_igtf","name_bd_column_total_pagar","name_bd_column_base_imponible","name_bd_column_monto_iva","name_bd_column_monto_exento","name_bd_column_monto_no_sujeto") VALUES(14,'J-00220608-0','TRANSFERENCIAS Y ENCOMIENDAS ANGULO LOPEZ, C.A.','PROD_tealca032','/uploads/logo_clientes/2904169cca9f0e6536032a77213efcea.jpg','2024-03-27 16:20:28.124','2024-03-27 16:20:28.124',1,'encabezado','num_control','fecha_proceso','YYYY-MM-DD','fecha_proceso','YYYY-MM-DD','num_documento',NULL,NULL,'https://getdocdigital-tealca.solucioneslaser.com/Tealca/recursos/documento/ver/{{encrypt}}',NULL,1,'document_type','{"placeholder":["Factura","Nota de Debito","Nota de Crédito"],"values":[["invoice"],["debit_note"],["credit_note"]]}',NULL,0,NULL,NULL,'num_control_encriptado',NULL,'customer_document','customer_nombre',NULL,NULL,'hora_proceso','is_anulado','motivo_anulado','fechaAnulacion','HoraAnulacion',NULL,NULL,NULL,NULL,NULL,NULL,NULL);
INSERT INTO "clientes" ("id","rif","nombre_cliente","connections","logo","created_at","updated_at","enabled","name_bd_table","name_bd_column_numero_control","name_bd_column_fecha_emision","name_bd_column_fecha_emision_format","name_bd_column_fecha_asignacion","name_bd_column_fecha_asignacion_format","name_bd_column_numero_documento","name_bd_column_numero_documento_format","name_bd_table_coletilla","url_prod","url_qa","is_prod","name_bd_column_tipo_documento","name_bd_column_tipo_documento_format","name_bd_column_tipo_documento_view_pdf_format","numero_control_view_pdf_format","encrypt_url_format","encrypt_url_format_order","name_bd_column_encrypt","name_bd_column_encrypt_others","name_bd_column_rif","name_bd_column_razon_social","name_bd_column_codigo_operacion","name_bd_column_serie","name_bd_column_hora_emision","name_bd_column_status","name_bd_column_motivo_anulacion","name_bd_column_fecha_anulacion","name_bd_column_hora_anulacion","name_bd_column_neto_pagar","name_bd_column_igtf","name_bd_column_total_pagar","name_bd_column_base_imponible","name_bd_column_monto_iva","name_bd_column_monto_exento","name_bd_column_monto_no_sujeto") VALUES(15,'J-30818251-6','CORPORACION FIBEX TELECOM, C.A.','PROD_fibex','/uploads/logo_clientes/27b8c957dd138fa1ca2fbdf46bcc8530.jpg','2024-03-27 16:21:55.066','2024-03-27 16:21:55.066',1,'encabezado','nrocontrol','convert(date,fechaemision,103)','DD/MM/YYYY','convert(date,fechacontrol,103)','DD/MM/YYYY','nrodocumento',NULL,NULL,'https://wsdocdigital-fibex.solucioneslaser.com/fibex-war/recursos/documento/ver/{{encrypt}}',NULL,1,'tipodocumento','{"placeholder":["Factura","Nota de Debito","Nota de Crédito"],"values":[["FA"],["ND"],["NC"]]}',NULL,0,NULL,'{{tipo_documento}}-{{numero_documento}}',NULL,NULL,'rif','razonsocial',NULL,NULL,'horaemision','estatus','motivo','fechahoraanulado',NULL,NULL,NULL,NULL,NULL,NULL,NULL,NULL);
INSERT INTO "clientes" ("id","rif","nombre_cliente","connections","logo","created_at","updated_at","enabled","name_bd_table","name_bd_column_numero_control","name_bd_column_fecha_emision","name_bd_column_fecha_emision_format","name_bd_column_fecha_asignacion","name_bd_column_fecha_asignacion_format","name_bd_column_numero_documento","name_bd_column_numero_documento_format","name_bd_table_coletilla","url_prod","url_qa","is_prod","name_bd_column_tipo_documento","name_bd_column_tipo_documento_format","name_bd_column_tipo_documento_view_pdf_format","numero_control_view_pdf_format","encrypt_url_format","encrypt_url_format_order","name_bd_column_encrypt","name_bd_column_encrypt_others","name_bd_column_rif","name_bd_column_razon_social","name_bd_column_codigo_operacion","name_bd_column_serie","name_bd_column_hora_emision","name_bd_column_status","name_bd_column_motivo_anulacion","name_bd_column_fecha_anulacion","name_bd_column_hora_anulacion","name_bd_column_neto_pagar","name_bd_column_igtf","name_bd_column_total_pagar","name_bd_column_base_imponible","name_bd_column_monto_iva","name_bd_column_monto_exento","name_bd_column_monto_no_sujeto") VALUES(16,'J-30819225-2','RUTAS AEREAS DE VENEZUELA RAV, S.A. (RAVSA)','PROD_venezolana-service','/uploads/logo_clientes/55081230568391f44c7e1cbdecd521c1.jpg','2024-03-27 13:05:58.695','2024-03-27 13:05:58.695',1,'encabezado','nroControl','FechaEmision','YYYY-MM-DD','fechaEmision','YYYY-MM-DD','nroDocumento','000000028015',NULL,'https://wsdocdigital-lavzlana.solucioneslaser.com/Venezolana-war/recursos/doc/generar/{{encrypt}}',NULL,1,'tipoDoc','{"placeholder":["Factura","Nota de Debito","Nota de Crédito"],"values":[["FA"],["ND"],["NC"]]}',NULL,0,NULL,NULL,'encriptacion',NULL,'rif','razonSocial',NULL,'serie','horaEmision','statusAnulacion','motivoAnulacion','fechaAnulacion',NULL,NULL,NULL,NULL,NULL,NULL,NULL,NULL);
INSERT INTO "clientes" ("id","rif","nombre_cliente","connections","logo","created_at","updated_at","enabled","name_bd_table","name_bd_column_numero_control","name_bd_column_fecha_emision","name_bd_column_fecha_emision_format","name_bd_column_fecha_asignacion","name_bd_column_fecha_asignacion_format","name_bd_column_numero_documento","name_bd_column_numero_documento_format","name_bd_table_coletilla","url_prod","url_qa","is_prod","name_bd_column_tipo_documento","name_bd_column_tipo_documento_format","name_bd_column_tipo_documento_view_pdf_format","numero_control_view_pdf_format","encrypt_url_format","encrypt_url_format_order","name_bd_column_encrypt","name_bd_column_encrypt_others","name_bd_column_rif","name_bd_column_razon_social","name_bd_column_codigo_operacion","name_bd_column_serie","name_bd_column_hora_emision","name_bd_column_status","name_bd_column_motivo_anulacion","name_bd_column_fecha_anulacion","name_bd_column_hora_anulacion","name_bd_column_neto_pagar","name_bd_column_igtf","name_bd_column_total_pagar","name_bd_column_base_imponible","name_bd_column_monto_iva","name_bd_column_monto_exento","name_bd_column_monto_no_sujeto") VALUES(17,'J-003274445','Cestaticket Services, C.A','PROD_Cestaticket','/uploads/logo_clientes/85e9e2e4b12ebefff8297733acbea999.jpg','2024-05-13 16:12:50.835','2024-05-13 16:12:50.835',1,'(SELECT * FROM (     ( SELECT DISTINCT * FROM ( SELECT otras.control, ''D'' as serie, otras.rif as rif, otras.factura_fiscal_nro as numdoc, CAST(otras.total_factura AS VARCHAR) as total_neto_pagar, ''0.00'' as IGTF, CAST(otras.total_factura AS VARCHAR) as total_a_pagar, CAST(otras.base_imponible as VARCHAR) as base_imponible_iva, CAST(otras.total_iva as VARCHAR) as monto_iva, CAST(otras.monto_no_sujeto_a_iva as VARCHAR) as monto_no_sujeto, otras.fecha_asignacion as fecha_asignacion, ''otras_factura'' as tabla, ''otras/FA'' as ruta_url, ''FA'' as tipoDoc, otras.fecha_emision as fecha_emision, otras.fecha_emision_texto as hora_emision, otras.nombre_cliente as nombre_cliente, NULL as tipoFacturaEmision, NULL as montoNoGravable, NULL as tipoFacturaCredito, a.motivo_anulacion, a.fecha_anulacion, a.hora_anulacion FROM otras_factura otras LEFT JOIN anulado a ON otras.control = a.nro_control UNION ALL SELECT seried.control, ''D'' as serie, seried.cirif as rif, seried.numnot as numdoc, seried.totnotcre as total_neto_pagar, ''0.00'' as IGTF, seried.monto as total_a_pagar, seried.basimp as base_imponible_iva, seried.iva as monto_iva, seried.monnosujiva as monto_no_sujeto, seried.fecasi as fecha_asignacion, ''seried_notas'' as tabla, ''otras'' as ruta_url, CASE     WHEN tipo = ''01'' THEN ''NC''     WHEN tipo = ''02'' THEN ''ND''     ELSE ''x'' END AS tipoDoc, seried.fecemi as fecha_emision, seried.horemi as hora_emision, seried.cliente as nombre_cliente, NULL as tipoFacturaEmision, NULL as montoNoGravable, NULL as tipoFacturaCredito, a.motivo_anulacion, a.fecha_anulacion, a.hora_anulacion FROM seried_notas seried LEFT JOIN anulado a ON seried.control = a.nro_control UNION ALL SELECT ef.control, ''A'' as serie, ef.rif as rif, ef.factura_fiscal_nro as numdoc, CAST(ef.monto_neto_a_pagar AS VARCHAR) as total_neto_pagar, ''0.00'' as IGTF, CAST(ef.monto_neto_a_pagar AS VARCHAR) as total_a_pagar, CAST(ef.base_imponible as VARCHAR) as base_imponible_iva, CAST(ef.total_iva as VARCHAR) as monto_iva, CAST(ef.monto_no_sujeto_a_iva as VARCHAR) as monto_no_sujeto, ef.fecha_asignacion as fecha_asignacion, ''emision_factura'' as tabla, ''emision/FA'' as ruta_url, ''FA'' as tipoDoc, ef.fecha_emision as fecha_emision, ef.fecha_emision_texto as hora_emision, ef.nombre_cliente as nombre_cliente, ef.tipo_factura as tipoFacturaEmision, ef.monto_nogravable as montoNoGravable, NULL as tipoFacturaCredito, a.motivo_anulacion, a.fecha_anulacion, a.hora_anulacion FROM emision_factura ef LEFT JOIN anulado a ON ef.control = a.nro_control UNION ALL SELECT ec.control, ''A'' as serie, ec.rif as rif, ec.numero_nc as numdoc, CAST(ec.total_nc AS VARCHAR) as total_neto_pagar, ''0.00'' as IGTF, CAST(ec.total_nc AS VARCHAR) as total_a_pagar, CAST(ec.base_imponible_comision as VARCHAR) as base_imponible_iva, CAST(ec.monto_iva_comision as VARCHAR) as monto_iva, CAST(ec.monto_no_sujeto_iva as VARCHAR) as monto_no_sujeto, ec.fecha_asignacion as fecha_asignacion, ''emision_credito'' as tabla, ''emision/NC'' as ruta_url, ''NC'' as tipoDoc, ec.fecha_emision as fecha_emision, ec.fecha_emision_texto as hora_emision, ec.nombre_cliente as nombre_cliente, NULL as tipoFacturaEmision, NULL as montoNoGravable, ''nah'' as tipoFacturaCredito, a.motivo_anulacion, a.fecha_anulacion, a.hora_anulacion FROM emision_credito ec LEFT JOIN anulado a ON ec.control = a.nro_control UNION ALL SELECT rf.control, ''B'' as serie, rf.rif as rif, rf.factura_fiscal_nro as numdoc, rf.total_factura as total_neto_pagar, ''0.00'' as IGTF, rf.total_reembolso as total_a_pagar, rf.base_imponible as base_imponible_iva, total_iva as monto_iva, ''0.00'' as monto_no_sujeto, rf.fecha_asignacion as fecha_asignacion, ''reembolso_factura'' as tabla, ''reembolso/FA'' as ruta_url, ''FA'' as tipoDoc, rf.fecha_emision as fecha_emision, rf.hora_asignacion as hora_emision, rf.nombre_afiliado as nombre_cliente, NULL as tipoFacturaEmision, NULL as montoNoGravable, NULL as tipoFacturaCredito, a.motivo_anulacion, a.fecha_anulacion, a.hora_anulacion FROM reembolso_factura rf LEFT JOIN anulado a ON rf.control = a.nro_control UNION ALL SELECT serieb.control, ''B'' as serie, serieb.rif as rif, serieb.numnot as numdoc, serieb.totnot as total_neto_pagar, ''0.00'' as IGTF, serieb.monbs as total_a_pagar, serieb.basimp as base_imponible_iva, serieb.moniva as monto_iva, ''0.00'' as monto_no_sujeto, serieb.fecasi as fecha_asignacion, ''serieb_notas'' as tabla, ''reembolso'' as ruta_url, CASE     WHEN tipo in (''01'', ''03'') THEN ''NC''     WHEN tipo in (''02'', ''04'') THEN ''ND''     ELSE ''x'' END AS tipoDoc, serieb.fecemi as fecha_emision, serieb.horemi as hora_emision, serieb.nomafi as nombre_cliente, NULL as tipoFacturaEmision, NULL as montoNoGravable, NULL as tipoFacturaCredito, a.motivo_anulacion, a.fecha_anulacion, a.hora_anulacion FROM serieb_notas serieb LEFT JOIN anulado a ON serieb.control = a.nro_control UNION ALL SELECT serieE.control, ''E'' as serie, serieE.rif as rif, serieE.numfac as numdoc, CAST(serieE.monnetpag AS VARCHAR) as total_neto_pagar, CAST(serieE.igtfext AS VARCHAR) as IGTF, CAST(serieE.totfac AS VARCHAR) as total_a_pagar, CAST(serieE.basimpcom as VARCHAR) as base_imponible_iva, CAST(serieE.ivacom as VARCHAR) as monto_iva, CAST(serieE.monnosujiva as VARCHAR) as monto_no_sujeto, serieE.fecasi as fecha_asignacion, ''seriee'' as tabla, ''seriee'' as ruta_url, CASE     WHEN tipfac IN (01, 03, 05, 06, 07, 08, 09, 10) THEN ''FA''     WHEN tipfac IN (02, 04, 11, 13, 15, 16) THEN ''NC''     WHEN tipfac IN (12, 14, 17, 18, 19, 20) THEN ''ND'' END AS tipoDoc, serieE.fecemi as fecha_emision, serieE.horemi as hora_emision, serieE.cliente as nombre_cliente, NULL as tipoFacturaEmision, NULL as montoNoGravable, NULL as tipoFacturaCredito, a.motivo_anulacion, a.fecha_anulacion, a.hora_anulacion FROM seriee serieE LEFT JOIN anulado a ON serieE.control = a.nro_control ) as Busqueda ) as subquery )) as encabezado','control','fecha_emision','YYYY-MM-DD','fecha_asignacion','YYY-MM-DD','numdoc',NULL,NULL,'https://getdocdigitalcestaticket.solucioneslaser.com/cestaticket-war/recursos/documento/pdf/{{ruta_url}}/{{encrypt}}',NULL,1,'tipoDoc','{"placeholder":["Factura","Nota de Debito","Nota de Crédito"],"values":[["FA"],["ND"],["NC"]]}',NULL,0,'["base64"]','{{numero_documento}}',NULL,'ruta_url','rif','nombre_cliente',NULL,'serie','hora_emision',NULL,'motivo_anulacion','fecha_anulacion','hora_anulacion',NULL,NULL,NULL,NULL,NULL,NULL,NULL);

INSERT INTO "usuarios_clientes" ("id","user_id","cliente_id","created_at","updated_at") VALUES(0,35,1,'2024-04-18 16:23:28.792','2024-04-18 16:23:28.792');
INSERT INTO "usuarios_clientes" ("id","user_id","cliente_id","created_at","updated_at") VALUES(7,103,3,'2024-04-26 17:19:20.785','2024-04-26 17:19:20.785');
INSERT INTO "usuarios_clientes" ("id","user_id","cliente_id","created_at","updated_at") VALUES(8,104,1,'2024-05-06 13:52:25.397','2024-05-06 13:52:25.397');

INSERT INTO "consultas" ("id","nombre","cliente_id","created_at","updated_at") VALUES(1,'Número de Control',1,'2024-05-06 21:10:11.028','2024-05-06 21:10:11.028');
INSERT INTO "consultas" ("id","nombre","cliente_id","created_at","updated_at") VALUES(2,'Número de Documento',1,'2024-05-06 21:10:11.039','2024-05-06 21:10:11.039');
INSERT INTO "consultas" ("id","nombre","cliente_id","created_at","updated_at") VALUES(3,'Tipo de Documento',1,'2024-05-06 21:10:11.039','2024-05-06 21:10:11.039');
INSERT INTO "consultas" ("id","nombre","cliente_id","created_at","updated_at") VALUES(75,'Fecha Emisión/Asignación',1,'2024-05-15 10:45:43.662','2024-05-15 10:45:43.662');
INSERT INTO "consultas" ("id","nombre","cliente_id","created_at","updated_at") VALUES(76,'Fecha Emisión/Asignación',2,'2024-05-15 10:45:47.092','2024-05-15 10:45:47.092');
INSERT INTO "consultas" ("id","nombre","cliente_id","created_at","updated_at") VALUES(77,'Fecha Emisión/Asignación',3,'2024-05-15 10:45:47.109','2024-05-15 10:45:47.109');
INSERT INTO "consultas" ("id","nombre","cliente_id","created_at","updated_at") VALUES(78,'Fecha Emisión/Asignación',4,'2024-05-15 10:45:47.124','2024-05-15 10:45:47.124');
INSERT INTO "consultas" ("id","nombre","cliente_id","created_at","updated_at") VALUES(59,'Tipo de Documento',2,'2024-05-14 16:02:10.401','2024-05-14 16:02:10.401');
INSERT INTO "consultas" ("id","nombre","cliente_id","created_at","updated_at") VALUES(79,'Fecha Emisión/Asignación',5,'2024-05-15 10:45:47.125','2024-05-15 10:45:47.125');
INSERT INTO "consultas" ("id","nombre","cliente_id","created_at","updated_at") VALUES(80,'Fecha Emisión/Asignación',6,'2024-05-15 10:45:47.125','2024-05-15 10:45:47.125');
INSERT INTO "consultas" ("id","nombre","cliente_id","created_at","updated_at") VALUES(13,'Número de Control',2,'2024-05-06 21:10:30.280','2024-05-06 21:10:30.280');
INSERT INTO "consultas" ("id","nombre","cliente_id","created_at","updated_at") VALUES(14,'Número de Control',3,'2024-05-06 21:10:33.325','2024-05-06 21:10:33.325');
INSERT INTO "consultas" ("id","nombre","cliente_id","created_at","updated_at") VALUES(16,'Número de Documento',3,'2024-05-07 13:25:56.694','2024-05-07 13:25:56.694');
INSERT INTO "consultas" ("id","nombre","cliente_id","created_at","updated_at") VALUES(56,'Número de Documento',2,'2024-05-07 17:05:04.364','2024-05-07 17:05:04.364');
INSERT INTO "consultas" ("id","nombre","cliente_id","created_at","updated_at") VALUES(57,'Número de Control',17,'2024-05-13 16:42:31.698','2024-05-13 16:42:31.698');
INSERT INTO "consultas" ("id","nombre","cliente_id","created_at","updated_at") VALUES(58,'Número de Documento',17,'2024-05-13 16:42:31.714','2024-05-13 16:42:31.714');
INSERT INTO "consultas" ("id","nombre","cliente_id","created_at","updated_at") VALUES(60,'Tipo de Documento',3,'2024-05-14 16:13:43.197','2024-05-14 16:13:43.197');
INSERT INTO "consultas" ("id","nombre","cliente_id","created_at","updated_at") VALUES(61,'Tipo de Documento',4,'2024-05-14 16:20:44.852','2024-05-14 16:20:44.852');
INSERT INTO "consultas" ("id","nombre","cliente_id","created_at","updated_at") VALUES(62,'Tipo de Documento',5,'2024-05-14 16:20:57.592','2024-05-14 16:20:57.592');
INSERT INTO "consultas" ("id","nombre","cliente_id","created_at","updated_at") VALUES(63,'Tipo de Documento',6,'2024-05-14 16:21:15.583','2024-05-14 16:21:15.583');
INSERT INTO "consultas" ("id","nombre","cliente_id","created_at","updated_at") VALUES(64,'Tipo de Documento',7,'2024-05-14 16:21:32.615','2024-05-14 16:21:32.615');
INSERT INTO "consultas" ("id","nombre","cliente_id","created_at","updated_at") VALUES(65,'Tipo de Documento',8,'2024-05-14 16:21:46.280','2024-05-14 16:21:46.280');
INSERT INTO "consultas" ("id","nombre","cliente_id","created_at","updated_at") VALUES(66,'Tipo de Documento',9,'2024-05-14 16:22:13.359','2024-05-14 16:22:13.359');
INSERT INTO "consultas" ("id","nombre","cliente_id","created_at","updated_at") VALUES(67,'Tipo de Documento',10,'2024-05-14 16:22:35.850','2024-05-14 16:22:35.850');
INSERT INTO "consultas" ("id","nombre","cliente_id","created_at","updated_at") VALUES(68,'Tipo de Documento',11,'2024-05-14 16:22:45.814','2024-05-14 16:22:45.814');
INSERT INTO "consultas" ("id","nombre","cliente_id","created_at","updated_at") VALUES(69,'Tipo de Documento',12,'2024-05-14 16:22:56.774','2024-05-14 16:22:56.774');
INSERT INTO "consultas" ("id","nombre","cliente_id","created_at","updated_at") VALUES(30,'Número de Control',4,'2024-05-07 13:35:17.882','2024-05-07 13:35:17.882');
INSERT INTO "consultas" ("id","nombre","cliente_id","created_at","updated_at") VALUES(31,'Número de Documento',4,'2024-05-07 13:35:17.905','2024-05-07 13:35:17.905');
INSERT INTO "consultas" ("id","nombre","cliente_id","created_at","updated_at") VALUES(32,'Número de Control',5,'2024-05-07 13:35:29.759','2024-05-07 13:35:29.759');
INSERT INTO "consultas" ("id","nombre","cliente_id","created_at","updated_at") VALUES(33,'Número de Documento',5,'2024-05-07 13:35:29.770','2024-05-07 13:35:29.770');
INSERT INTO "consultas" ("id","nombre","cliente_id","created_at","updated_at") VALUES(34,'Número de Control',6,'2024-05-07 13:35:34.537','2024-05-07 13:35:34.537');
INSERT INTO "consultas" ("id","nombre","cliente_id","created_at","updated_at") VALUES(35,'Número de Documento',6,'2024-05-07 13:35:34.549','2024-05-07 13:35:34.549');
INSERT INTO "consultas" ("id","nombre","cliente_id","created_at","updated_at") VALUES(36,'Número de Control',7,'2024-05-07 13:35:39.243','2024-05-07 13:35:39.243');
INSERT INTO "consultas" ("id","nombre","cliente_id","created_at","updated_at") VALUES(37,'Número de Documento',7,'2024-05-07 13:35:39.254','2024-05-07 13:35:39.254');
INSERT INTO "consultas" ("id","nombre","cliente_id","created_at","updated_at") VALUES(38,'Número de Control',8,'2024-05-07 13:35:43.220','2024-05-07 13:35:43.220');
INSERT INTO "consultas" ("id","nombre","cliente_id","created_at","updated_at") VALUES(39,'Número de Documento',8,'2024-05-07 13:35:43.231','2024-05-07 13:35:43.231');
INSERT INTO "consultas" ("id","nombre","cliente_id","created_at","updated_at") VALUES(40,'Número de Control',9,'2024-05-07 13:35:46.752','2024-05-07 13:35:46.752');
INSERT INTO "consultas" ("id","nombre","cliente_id","created_at","updated_at") VALUES(41,'Número de Documento',9,'2024-05-07 13:35:46.760','2024-05-07 13:35:46.760');
INSERT INTO "consultas" ("id","nombre","cliente_id","created_at","updated_at") VALUES(42,'Número de Control',10,'2024-05-07 13:35:54.225','2024-05-07 13:35:54.225');
INSERT INTO "consultas" ("id","nombre","cliente_id","created_at","updated_at") VALUES(43,'Número de Documento',10,'2024-05-07 13:35:54.238','2024-05-07 13:35:54.238');
INSERT INTO "consultas" ("id","nombre","cliente_id","created_at","updated_at") VALUES(44,'Número de Control',11,'2024-05-07 13:35:58.698','2024-05-07 13:35:58.698');
INSERT INTO "consultas" ("id","nombre","cliente_id","created_at","updated_at") VALUES(45,'Número de Documento',11,'2024-05-07 13:35:58.709','2024-05-07 13:35:58.709');
INSERT INTO "consultas" ("id","nombre","cliente_id","created_at","updated_at") VALUES(46,'Número de Control',12,'2024-05-07 13:36:02.175','2024-05-07 13:36:02.175');
INSERT INTO "consultas" ("id","nombre","cliente_id","created_at","updated_at") VALUES(47,'Número de Documento',12,'2024-05-07 13:36:02.186','2024-05-07 13:36:02.186');
INSERT INTO "consultas" ("id","nombre","cliente_id","created_at","updated_at") VALUES(48,'Número de Control',13,'2024-05-07 13:36:05.765','2024-05-07 13:36:05.765');
INSERT INTO "consultas" ("id","nombre","cliente_id","created_at","updated_at") VALUES(49,'Número de Documento',13,'2024-05-07 13:36:05.774','2024-05-07 13:36:05.774');
INSERT INTO "consultas" ("id","nombre","cliente_id","created_at","updated_at") VALUES(50,'Número de Control',14,'2024-05-07 13:36:10.299','2024-05-07 13:36:10.299');
INSERT INTO "consultas" ("id","nombre","cliente_id","created_at","updated_at") VALUES(51,'Número de Documento',14,'2024-05-07 13:36:10.311','2024-05-07 13:36:10.311');
INSERT INTO "consultas" ("id","nombre","cliente_id","created_at","updated_at") VALUES(52,'Número de Control',15,'2024-05-07 13:36:14.250','2024-05-07 13:36:14.250');
INSERT INTO "consultas" ("id","nombre","cliente_id","created_at","updated_at") VALUES(53,'Número de Documento',15,'2024-05-07 13:36:14.262','2024-05-07 13:36:14.262');
INSERT INTO "consultas" ("id","nombre","cliente_id","created_at","updated_at") VALUES(54,'Número de Control',16,'2024-05-07 13:36:18.371','2024-05-07 13:36:18.371');
INSERT INTO "consultas" ("id","nombre","cliente_id","created_at","updated_at") VALUES(55,'Número de Documento',16,'2024-05-07 13:36:18.384','2024-05-07 13:36:18.384');
INSERT INTO "consultas" ("id","nombre","cliente_id","created_at","updated_at") VALUES(70,'Tipo de Documento',13,'2024-05-14 16:23:09.059','2024-05-14 16:23:09.059');
INSERT INTO "consultas" ("id","nombre","cliente_id","created_at","updated_at") VALUES(71,'Tipo de Documento',14,'2024-05-14 16:23:19.374','2024-05-14 16:23:19.374');
INSERT INTO "consultas" ("id","nombre","cliente_id","created_at","updated_at") VALUES(72,'Tipo de Documento',15,'2024-05-14 16:23:32.532','2024-05-14 16:23:32.532');
INSERT INTO "consultas" ("id","nombre","cliente_id","created_at","updated_at") VALUES(73,'Tipo de Documento',16,'2024-05-14 16:23:42.483','2024-05-14 16:23:42.483');
INSERT INTO "consultas" ("id","nombre","cliente_id","created_at","updated_at") VALUES(74,'Tipo de Documento',17,'2024-05-14 16:23:59.523','2024-05-14 16:23:59.523');
INSERT INTO "consultas" ("id","nombre","cliente_id","created_at","updated_at") VALUES(81,'Fecha Emisión/Asignación',7,'2024-05-15 10:45:47.125','2024-05-15 10:45:47.125');
INSERT INTO "consultas" ("id","nombre","cliente_id","created_at","updated_at") VALUES(82,'Fecha Emisión/Asignación',8,'2024-05-15 10:45:47.139','2024-05-15 10:45:47.139');
INSERT INTO "consultas" ("id","nombre","cliente_id","created_at","updated_at") VALUES(83,'Fecha Emisión/Asignación',9,'2024-05-15 10:45:47.139','2024-05-15 10:45:47.139');
INSERT INTO "consultas" ("id","nombre","cliente_id","created_at","updated_at") VALUES(84,'Fecha Emisión/Asignación',10,'2024-05-15 10:45:47.139','2024-05-15 10:45:47.139');
INSERT INTO "consultas" ("id","nombre","cliente_id","created_at","updated_at") VALUES(85,'Fecha Emisión/Asignación',11,'2024-05-15 10:45:47.139','2024-05-15 10:45:47.139');
INSERT INTO "consultas" ("id","nombre","cliente_id","created_at","updated_at") VALUES(86,'Fecha Emisión/Asignación',12,'2024-05-15 10:45:47.139','2024-05-15 10:45:47.139');
INSERT INTO "consultas" ("id","nombre","cliente_id","created_at","updated_at") VALUES(87,'Fecha Emisión/Asignación',13,'2024-05-15 10:45:47.139','2024-05-15 10:45:47.139');
INSERT INTO "consultas" ("id","nombre","cliente_id","created_at","updated_at") VALUES(88,'Fecha Emisión/Asignación',14,'2024-05-15 10:45:47.155','2024-05-15 10:45:47.155');
INSERT INTO "consultas" ("id","nombre","cliente_id","created_at","updated_at") VALUES(89,'Fecha Emisión/Asignación',15,'2024-05-15 10:45:47.155','2024-05-15 10:45:47.155');
INSERT INTO "consultas" ("id","nombre","cliente_id","created_at","updated_at") VALUES(90,'Fecha Emisión/Asignación',16,'2024-05-15 10:45:47.155','2024-05-15 10:45:47.155');
INSERT INTO "consultas" ("id","nombre","cliente_id","created_at","updated_at") VALUES(91,'Fecha Emisión/Asignación',17,'2024-05-15 10:45:47.155','2024-05-15 10:45:47.155');
INSERT INTO "consultas" ("id","nombre","cliente_id","created_at","updated_at") VALUES(126,'Razón Social',1,'2024-05-15 13:52:30.149','2024-05-15 13:52:30.149');
INSERT INTO "consultas" ("id","nombre","cliente_id","created_at","updated_at") VALUES(127,'Razón Social',2,'2024-05-15 13:52:30.166','2024-05-15 13:52:30.166');
INSERT INTO "consultas" ("id","nombre","cliente_id","created_at","updated_at") VALUES(128,'Razón Social',3,'2024-05-15 13:52:30.169','2024-05-15 13:52:30.169');
INSERT INTO "consultas" ("id","nombre","cliente_id","created_at","updated_at") VALUES(129,'Razón Social',4,'2024-05-15 13:52:30.173','2024-05-15 13:52:30.173');
INSERT INTO "consultas" ("id","nombre","cliente_id","created_at","updated_at") VALUES(130,'Razón Social',5,'2024-05-15 13:52:30.175','2024-05-15 13:52:30.175');
INSERT INTO "consultas" ("id","nombre","cliente_id","created_at","updated_at") VALUES(131,'Razón Social',6,'2024-05-15 13:52:30.178','2024-05-15 13:52:30.178');
INSERT INTO "consultas" ("id","nombre","cliente_id","created_at","updated_at") VALUES(132,'Razón Social',7,'2024-05-15 13:52:30.180','2024-05-15 13:52:30.180');
INSERT INTO "consultas" ("id","nombre","cliente_id","created_at","updated_at") VALUES(133,'Razón Social',8,'2024-05-15 13:52:30.182','2024-05-15 13:52:30.182');
INSERT INTO "consultas" ("id","nombre","cliente_id","created_at","updated_at") VALUES(109,'Número de RIF/CI',1,'2024-05-15 13:01:27.353','2024-05-15 13:01:27.353');
INSERT INTO "consultas" ("id","nombre","cliente_id","created_at","updated_at") VALUES(110,'Número de RIF/CI',2,'2024-05-15 13:02:52.009','2024-05-15 13:02:52.009');
INSERT INTO "consultas" ("id","nombre","cliente_id","created_at","updated_at") VALUES(111,'Número de RIF/CI',3,'2024-05-15 13:02:52.029','2024-05-15 13:02:52.029');
INSERT INTO "consultas" ("id","nombre","cliente_id","created_at","updated_at") VALUES(112,'Número de RIF/CI',4,'2024-05-15 13:02:52.033','2024-05-15 13:02:52.033');
INSERT INTO "consultas" ("id","nombre","cliente_id","created_at","updated_at") VALUES(113,'Número de RIF/CI',5,'2024-05-15 13:02:52.035','2024-05-15 13:02:52.035');
INSERT INTO "consultas" ("id","nombre","cliente_id","created_at","updated_at") VALUES(114,'Número de RIF/CI',6,'2024-05-15 13:02:52.037','2024-05-15 13:02:52.037');
INSERT INTO "consultas" ("id","nombre","cliente_id","created_at","updated_at") VALUES(115,'Número de RIF/CI',7,'2024-05-15 13:02:52.039','2024-05-15 13:02:52.039');
INSERT INTO "consultas" ("id","nombre","cliente_id","created_at","updated_at") VALUES(116,'Número de RIF/CI',8,'2024-05-15 13:02:52.042','2024-05-15 13:02:52.043');
INSERT INTO "consultas" ("id","nombre","cliente_id","created_at","updated_at") VALUES(117,'Número de RIF/CI',9,'2024-05-15 13:02:52.045','2024-05-15 13:02:52.045');
INSERT INTO "consultas" ("id","nombre","cliente_id","created_at","updated_at") VALUES(118,'Número de RIF/CI',10,'2024-05-15 13:02:52.047','2024-05-15 13:02:52.047');
INSERT INTO "consultas" ("id","nombre","cliente_id","created_at","updated_at") VALUES(119,'Número de RIF/CI',11,'2024-05-15 13:02:52.049','2024-05-15 13:02:52.049');
INSERT INTO "consultas" ("id","nombre","cliente_id","created_at","updated_at") VALUES(120,'Número de RIF/CI',12,'2024-05-15 13:02:52.051','2024-05-15 13:02:52.051');
INSERT INTO "consultas" ("id","nombre","cliente_id","created_at","updated_at") VALUES(121,'Número de RIF/CI',13,'2024-05-15 13:02:52.053','2024-05-15 13:02:52.053');
INSERT INTO "consultas" ("id","nombre","cliente_id","created_at","updated_at") VALUES(122,'Número de RIF/CI',14,'2024-05-15 13:02:52.055','2024-05-15 13:02:52.055');
INSERT INTO "consultas" ("id","nombre","cliente_id","created_at","updated_at") VALUES(123,'Número de RIF/CI',15,'2024-05-15 13:02:52.058','2024-05-15 13:02:52.058');
INSERT INTO "consultas" ("id","nombre","cliente_id","created_at","updated_at") VALUES(124,'Número de RIF/CI',16,'2024-05-15 13:02:52.060','2024-05-15 13:02:52.060');
INSERT INTO "consultas" ("id","nombre","cliente_id","created_at","updated_at") VALUES(125,'Número de RIF/CI',17,'2024-05-15 13:02:52.062','2024-05-15 13:02:52.062');
INSERT INTO "consultas" ("id","nombre","cliente_id","created_at","updated_at") VALUES(134,'Razón Social',9,'2024-05-15 13:52:30.184','2024-05-15 13:52:30.184');
INSERT INTO "consultas" ("id","nombre","cliente_id","created_at","updated_at") VALUES(135,'Razón Social',10,'2024-05-15 13:52:30.186','2024-05-15 13:52:30.186');
INSERT INTO "consultas" ("id","nombre","cliente_id","created_at","updated_at") VALUES(136,'Razón Social',11,'2024-05-15 13:52:30.188','2024-05-15 13:52:30.188');
INSERT INTO "consultas" ("id","nombre","cliente_id","created_at","updated_at") VALUES(137,'Razón Social',12,'2024-05-15 13:52:30.190','2024-05-15 13:52:30.190');
INSERT INTO "consultas" ("id","nombre","cliente_id","created_at","updated_at") VALUES(138,'Razón Social',13,'2024-05-15 13:52:30.192','2024-05-15 13:52:30.192');
INSERT INTO "consultas" ("id","nombre","cliente_id","created_at","updated_at") VALUES(139,'Razón Social',14,'2024-05-15 13:52:30.195','2024-05-15 13:52:30.195');
INSERT INTO "consultas" ("id","nombre","cliente_id","created_at","updated_at") VALUES(140,'Razón Social',15,'2024-05-15 13:52:30.197','2024-05-15 13:52:30.197');
INSERT INTO "consultas" ("id","nombre","cliente_id","created_at","updated_at") VALUES(141,'Razón Social',16,'2024-05-15 13:52:30.200','2024-05-15 13:52:30.200');
INSERT INTO "consultas" ("id","nombre","cliente_id","created_at","updated_at") VALUES(142,'Razón Social',17,'2024-05-15 13:52:30.202','2024-05-15 13:52:30.202');

INSERT INTO "parametros" ("id","name","tipo_input","placeholder","column_reference_cliente","created_at","updated_at") VALUES(1,'numero_control','text','Número de Control','','2024-05-06 21:10:05.328','2024-05-06 21:10:05.328');
INSERT INTO "parametros" ("id","name","tipo_input","placeholder","column_reference_cliente","created_at","updated_at") VALUES(2,'numero_documento','text','Número de Documento','','2024-05-06 21:10:05.340','2024-05-06 21:10:05.340');
INSERT INTO "parametros" ("id","name","tipo_input","placeholder","column_reference_cliente","created_at","updated_at") VALUES(3,'tipo_documento','selected','Tipo de Documento','name_bd_column_tipo_documento_format','2024-05-06 21:10:05.340','2024-05-06 21:10:05.340');
INSERT INTO "parametros" ("id","name","tipo_input","placeholder","column_reference_cliente","created_at","updated_at") VALUES(4,'fecha_inicio','date','Fecha Inicial','','2024-05-06 21:10:05.340','2024-05-06 21:10:05.340');
INSERT INTO "parametros" ("id","name","tipo_input","placeholder","column_reference_cliente","created_at","updated_at") VALUES(5,'fecha_final','date','Fecha Final','','2024-05-06 21:10:05.340','2024-05-06 21:10:05.340');
INSERT INTO "parametros" ("id","name","tipo_input","placeholder","column_reference_cliente","created_at","updated_at") VALUES(6,'rif','text','Número de RIF/CI','','2024-05-06 21:10:05.340','2024-05-06 21:10:05.340');
INSERT INTO "parametros" ("id","name","tipo_input","placeholder","column_reference_cliente","created_at","updated_at") VALUES(7,'codigo_operacion','date','Código de Operación','','2024-05-06 21:10:05.340','2024-05-06 21:10:05.340');
INSERT INTO "parametros" ("id","name","tipo_input","placeholder","column_reference_cliente","created_at","updated_at") VALUES(8,'razon_social','text','Razón Social','','2024-05-06 21:10:05.340','2024-05-06 21:10:05.340');
INSERT INTO "parametros" ("id","name","tipo_input","placeholder","column_reference_cliente","created_at","updated_at") VALUES(9,'serie','selected','Serie','','2024-05-06 21:10:05.340','2024-05-06 21:10:05.340');
INSERT INTO "parametros" ("id","name","tipo_input","placeholder","column_reference_cliente","created_at","updated_at") VALUES(10,'numero_suscriptor','text','Número de Suscriptor/Cliente','','2024-05-06 21:10:05.355','2024-05-06 21:10:05.355');
INSERT INTO "parametros" ("id","name","tipo_input","placeholder","column_reference_cliente","created_at","updated_at") VALUES(11,'tipo_fecha','selected','Tipo de Fecha','','2024-05-06 21:14:09.505','2024-05-06 21:14:09.505');

INSERT INTO "consultas_parametros" ("id","consulta_id","parametro_id","created_at","updated_at") VALUES(57,16,2,'2024-05-07 13:25:56.694','2024-05-07 13:25:56.694');
INSERT INTO "consultas_parametros" ("id","consulta_id","parametro_id","created_at","updated_at") VALUES(58,17,2,'2024-05-07 13:29:18.255','2024-05-07 13:29:18.255');
INSERT INTO "consultas_parametros" ("id","consulta_id","parametro_id","created_at","updated_at") VALUES(59,18,2,'2024-05-07 13:29:21.197','2024-05-07 13:29:21.197');
INSERT INTO "consultas_parametros" ("id","consulta_id","parametro_id","created_at","updated_at") VALUES(60,19,2,'2024-05-07 13:29:26.699','2024-05-07 13:29:26.699');
INSERT INTO "consultas_parametros" ("id","consulta_id","parametro_id","created_at","updated_at") VALUES(61,20,2,'2024-05-07 13:29:29.289','2024-05-07 13:29:29.289');
INSERT INTO "consultas_parametros" ("id","consulta_id","parametro_id","created_at","updated_at") VALUES(62,21,2,'2024-05-07 13:29:32.112','2024-05-07 13:29:32.112');
INSERT INTO "consultas_parametros" ("id","consulta_id","parametro_id","created_at","updated_at") VALUES(63,22,2,'2024-05-07 13:29:35.159','2024-05-07 13:29:35.159');
INSERT INTO "consultas_parametros" ("id","consulta_id","parametro_id","created_at","updated_at") VALUES(64,23,2,'2024-05-07 13:29:39.529','2024-05-07 13:29:39.529');
INSERT INTO "consultas_parametros" ("id","consulta_id","parametro_id","created_at","updated_at") VALUES(65,24,2,'2024-05-07 13:29:43.696','2024-05-07 13:29:43.696');
INSERT INTO "consultas_parametros" ("id","consulta_id","parametro_id","created_at","updated_at") VALUES(66,25,2,'2024-05-07 13:29:46.816','2024-05-07 13:29:46.816');
INSERT INTO "consultas_parametros" ("id","consulta_id","parametro_id","created_at","updated_at") VALUES(67,26,2,'2024-05-07 13:29:51.308','2024-05-07 13:29:51.308');
INSERT INTO "consultas_parametros" ("id","consulta_id","parametro_id","created_at","updated_at") VALUES(68,27,2,'2024-05-07 13:29:55.094','2024-05-07 13:29:55.094');
INSERT INTO "consultas_parametros" ("id","consulta_id","parametro_id","created_at","updated_at") VALUES(69,28,2,'2024-05-07 13:29:58.548','2024-05-07 13:29:58.548');
INSERT INTO "consultas_parametros" ("id","consulta_id","parametro_id","created_at","updated_at") VALUES(70,29,2,'2024-05-07 13:30:02.708','2024-05-07 13:30:02.708');
INSERT INTO "consultas_parametros" ("id","consulta_id","parametro_id","created_at","updated_at") VALUES(71,30,1,'2024-05-07 13:35:17.903','2024-05-07 13:35:17.903');
INSERT INTO "consultas_parametros" ("id","consulta_id","parametro_id","created_at","updated_at") VALUES(72,31,2,'2024-05-07 13:35:17.907','2024-05-07 13:35:17.907');
INSERT INTO "consultas_parametros" ("id","consulta_id","parametro_id","created_at","updated_at") VALUES(73,32,1,'2024-05-07 13:35:29.761','2024-05-07 13:35:29.761');
INSERT INTO "consultas_parametros" ("id","consulta_id","parametro_id","created_at","updated_at") VALUES(74,33,2,'2024-05-07 13:35:29.771','2024-05-07 13:35:29.771');
INSERT INTO "consultas_parametros" ("id","consulta_id","parametro_id","created_at","updated_at") VALUES(75,34,1,'2024-05-07 13:35:34.539','2024-05-07 13:35:34.539');
INSERT INTO "consultas_parametros" ("id","consulta_id","parametro_id","created_at","updated_at") VALUES(76,35,2,'2024-05-07 13:35:34.550','2024-05-07 13:35:34.550');
INSERT INTO "consultas_parametros" ("id","consulta_id","parametro_id","created_at","updated_at") VALUES(77,36,1,'2024-05-07 13:35:39.244','2024-05-07 13:35:39.244');
INSERT INTO "consultas_parametros" ("id","consulta_id","parametro_id","created_at","updated_at") VALUES(78,37,2,'2024-05-07 13:35:39.255','2024-05-07 13:35:39.255');
INSERT INTO "consultas_parametros" ("id","consulta_id","parametro_id","created_at","updated_at") VALUES(79,38,1,'2024-05-07 13:35:43.221','2024-05-07 13:35:43.221');
INSERT INTO "consultas_parametros" ("id","consulta_id","parametro_id","created_at","updated_at") VALUES(80,39,2,'2024-05-07 13:35:43.232','2024-05-07 13:35:43.232');
INSERT INTO "consultas_parametros" ("id","consulta_id","parametro_id","created_at","updated_at") VALUES(81,40,1,'2024-05-07 13:35:46.755','2024-05-07 13:35:46.755');
INSERT INTO "consultas_parametros" ("id","consulta_id","parametro_id","created_at","updated_at") VALUES(82,41,2,'2024-05-07 13:35:46.762','2024-05-07 13:35:46.762');
INSERT INTO "consultas_parametros" ("id","consulta_id","parametro_id","created_at","updated_at") VALUES(51,1,1,'2024-05-06 21:17:42.523','2024-05-06 21:17:42.523');
INSERT INTO "consultas_parametros" ("id","consulta_id","parametro_id","created_at","updated_at") VALUES(52,2,2,'2024-05-06 21:17:42.523','2024-05-06 21:17:42.523');
INSERT INTO "consultas_parametros" ("id","consulta_id","parametro_id","created_at","updated_at") VALUES(53,3,3,'2024-05-06 21:17:42.536','2024-05-06 21:17:42.536');
INSERT INTO "consultas_parametros" ("id","consulta_id","parametro_id","created_at","updated_at") VALUES(54,3,11,'2024-05-06 21:21:02.210','2024-05-06 21:21:02.210');
INSERT INTO "consultas_parametros" ("id","consulta_id","parametro_id","created_at","updated_at") VALUES(55,3,4,'2024-05-06 21:21:08.756','2024-05-06 21:21:08.762');
INSERT INTO "consultas_parametros" ("id","consulta_id","parametro_id","created_at","updated_at") VALUES(56,3,5,'2024-05-06 21:21:12.233','2024-05-06 21:21:12.233');
INSERT INTO "consultas_parametros" ("id","consulta_id","parametro_id","created_at","updated_at") VALUES(83,42,1,'2024-05-07 13:35:54.226','2024-05-07 13:35:54.226');
INSERT INTO "consultas_parametros" ("id","consulta_id","parametro_id","created_at","updated_at") VALUES(84,43,2,'2024-05-07 13:35:54.239','2024-05-07 13:35:54.239');
INSERT INTO "consultas_parametros" ("id","consulta_id","parametro_id","created_at","updated_at") VALUES(85,44,1,'2024-05-07 13:35:58.699','2024-05-07 13:35:58.699');
INSERT INTO "consultas_parametros" ("id","consulta_id","parametro_id","created_at","updated_at") VALUES(86,45,2,'2024-05-07 13:35:58.713','2024-05-07 13:35:58.713');
INSERT INTO "consultas_parametros" ("id","consulta_id","parametro_id","created_at","updated_at") VALUES(87,46,1,'2024-05-07 13:36:02.176','2024-05-07 13:36:02.176');
INSERT INTO "consultas_parametros" ("id","consulta_id","parametro_id","created_at","updated_at") VALUES(88,47,2,'2024-05-07 13:36:02.188','2024-05-07 13:36:02.188');
INSERT INTO "consultas_parametros" ("id","consulta_id","parametro_id","created_at","updated_at") VALUES(89,48,1,'2024-05-07 13:36:05.773','2024-05-07 13:36:05.773');
INSERT INTO "consultas_parametros" ("id","consulta_id","parametro_id","created_at","updated_at") VALUES(90,49,2,'2024-05-07 13:36:05.775','2024-05-07 13:36:05.775');
INSERT INTO "consultas_parametros" ("id","consulta_id","parametro_id","created_at","updated_at") VALUES(91,50,1,'2024-05-07 13:36:10.301','2024-05-07 13:36:10.301');
INSERT INTO "consultas_parametros" ("id","consulta_id","parametro_id","created_at","updated_at") VALUES(92,51,2,'2024-05-07 13:36:10.312','2024-05-07 13:36:10.312');
INSERT INTO "consultas_parametros" ("id","consulta_id","parametro_id","created_at","updated_at") VALUES(93,52,1,'2024-05-07 13:36:14.252','2024-05-07 13:36:14.252');
INSERT INTO "consultas_parametros" ("id","consulta_id","parametro_id","created_at","updated_at") VALUES(94,53,2,'2024-05-07 13:36:14.264','2024-05-07 13:36:14.264');
INSERT INTO "consultas_parametros" ("id","consulta_id","parametro_id","created_at","updated_at") VALUES(95,54,1,'2024-05-07 13:36:18.373','2024-05-07 13:36:18.373');
INSERT INTO "consultas_parametros" ("id","consulta_id","parametro_id","created_at","updated_at") VALUES(96,55,2,'2024-05-07 13:36:18.490','2024-05-07 13:36:18.490');
INSERT INTO "consultas_parametros" ("id","consulta_id","parametro_id","created_at","updated_at") VALUES(97,14,1,'2024-05-07 15:39:33.414','2024-05-07 15:39:33.414');
INSERT INTO "consultas_parametros" ("id","consulta_id","parametro_id","created_at","updated_at") VALUES(98,13,1,'2024-05-07 17:04:44.059','2024-05-07 17:04:44.059');
INSERT INTO "consultas_parametros" ("id","consulta_id","parametro_id","created_at","updated_at") VALUES(99,56,2,'2024-05-07 17:06:50.855','2024-05-07 17:06:50.855');
INSERT INTO "consultas_parametros" ("id","consulta_id","parametro_id","created_at","updated_at") VALUES(100,57,1,'2024-05-13 16:42:31.713','2024-05-13 16:42:31.713');
INSERT INTO "consultas_parametros" ("id","consulta_id","parametro_id","created_at","updated_at") VALUES(101,58,2,'2024-05-13 16:42:31.715','2024-05-13 16:42:31.715');
INSERT INTO "consultas_parametros" ("id","consulta_id","parametro_id","created_at","updated_at") VALUES(102,59,3,'2024-05-14 16:02:10.411','2024-05-14 16:02:10.411');
INSERT INTO "consultas_parametros" ("id","consulta_id","parametro_id","created_at","updated_at") VALUES(103,59,11,'2024-05-14 16:02:10.411','2024-05-14 16:02:10.411');
INSERT INTO "consultas_parametros" ("id","consulta_id","parametro_id","created_at","updated_at") VALUES(104,59,4,'2024-05-14 16:02:10.411','2024-05-14 16:02:10.411');
INSERT INTO "consultas_parametros" ("id","consulta_id","parametro_id","created_at","updated_at") VALUES(105,59,5,'2024-05-14 16:02:10.411','2024-05-14 16:02:10.411');
INSERT INTO "consultas_parametros" ("id","consulta_id","parametro_id","created_at","updated_at") VALUES(106,60,3,'2024-05-14 16:14:44.798','2024-05-14 16:14:44.798');
INSERT INTO "consultas_parametros" ("id","consulta_id","parametro_id","created_at","updated_at") VALUES(107,60,11,'2024-05-14 16:14:44.798','2024-05-14 16:14:44.798');
INSERT INTO "consultas_parametros" ("id","consulta_id","parametro_id","created_at","updated_at") VALUES(108,60,4,'2024-05-14 16:14:44.798','2024-05-14 16:14:44.798');
INSERT INTO "consultas_parametros" ("id","consulta_id","parametro_id","created_at","updated_at") VALUES(109,60,5,'2024-05-14 16:14:44.798','2024-05-14 16:14:44.798');
INSERT INTO "consultas_parametros" ("id","consulta_id","parametro_id","created_at","updated_at") VALUES(110,61,3,'2024-05-14 16:20:44.857','2024-05-14 16:20:44.857');
INSERT INTO "consultas_parametros" ("id","consulta_id","parametro_id","created_at","updated_at") VALUES(111,61,11,'2024-05-14 16:20:44.858','2024-05-14 16:20:44.858');
INSERT INTO "consultas_parametros" ("id","consulta_id","parametro_id","created_at","updated_at") VALUES(112,61,4,'2024-05-14 16:20:44.858','2024-05-14 16:20:44.858');
INSERT INTO "consultas_parametros" ("id","consulta_id","parametro_id","created_at","updated_at") VALUES(113,61,5,'2024-05-14 16:20:44.858','2024-05-14 16:20:44.858');
INSERT INTO "consultas_parametros" ("id","consulta_id","parametro_id","created_at","updated_at") VALUES(114,62,3,'2024-05-14 16:20:57.594','2024-05-14 16:20:57.594');
INSERT INTO "consultas_parametros" ("id","consulta_id","parametro_id","created_at","updated_at") VALUES(115,62,11,'2024-05-14 16:20:57.594','2024-05-14 16:20:57.594');
INSERT INTO "consultas_parametros" ("id","consulta_id","parametro_id","created_at","updated_at") VALUES(116,62,4,'2024-05-14 16:20:57.594','2024-05-14 16:20:57.594');
INSERT INTO "consultas_parametros" ("id","consulta_id","parametro_id","created_at","updated_at") VALUES(117,62,5,'2024-05-14 16:20:57.594','2024-05-14 16:20:57.594');
INSERT INTO "consultas_parametros" ("id","consulta_id","parametro_id","created_at","updated_at") VALUES(118,63,3,'2024-05-14 16:21:15.585','2024-05-14 16:21:15.585');
INSERT INTO "consultas_parametros" ("id","consulta_id","parametro_id","created_at","updated_at") VALUES(119,63,11,'2024-05-14 16:21:15.585','2024-05-14 16:21:15.585');
INSERT INTO "consultas_parametros" ("id","consulta_id","parametro_id","created_at","updated_at") VALUES(120,63,4,'2024-05-14 16:21:15.585','2024-05-14 16:21:15.585');
INSERT INTO "consultas_parametros" ("id","consulta_id","parametro_id","created_at","updated_at") VALUES(121,63,5,'2024-05-14 16:21:15.585','2024-05-14 16:21:15.585');
INSERT INTO "consultas_parametros" ("id","consulta_id","parametro_id","created_at","updated_at") VALUES(122,64,3,'2024-05-14 16:21:32.619','2024-05-14 16:21:32.619');
INSERT INTO "consultas_parametros" ("id","consulta_id","parametro_id","created_at","updated_at") VALUES(123,64,11,'2024-05-14 16:21:32.619','2024-05-14 16:21:32.619');
INSERT INTO "consultas_parametros" ("id","consulta_id","parametro_id","created_at","updated_at") VALUES(124,64,4,'2024-05-14 16:21:32.619','2024-05-14 16:21:32.619');
INSERT INTO "consultas_parametros" ("id","consulta_id","parametro_id","created_at","updated_at") VALUES(125,64,5,'2024-05-14 16:21:32.619','2024-05-14 16:21:32.619');
INSERT INTO "consultas_parametros" ("id","consulta_id","parametro_id","created_at","updated_at") VALUES(126,65,3,'2024-05-14 16:21:46.280','2024-05-14 16:21:46.280');
INSERT INTO "consultas_parametros" ("id","consulta_id","parametro_id","created_at","updated_at") VALUES(127,65,11,'2024-05-14 16:21:46.280','2024-05-14 16:21:46.280');
INSERT INTO "consultas_parametros" ("id","consulta_id","parametro_id","created_at","updated_at") VALUES(128,65,4,'2024-05-14 16:21:46.291','2024-05-14 16:21:46.291');
INSERT INTO "consultas_parametros" ("id","consulta_id","parametro_id","created_at","updated_at") VALUES(129,65,5,'2024-05-14 16:21:46.291','2024-05-14 16:21:46.291');
INSERT INTO "consultas_parametros" ("id","consulta_id","parametro_id","created_at","updated_at") VALUES(130,66,3,'2024-05-14 16:22:13.359','2024-05-14 16:22:13.359');
INSERT INTO "consultas_parametros" ("id","consulta_id","parametro_id","created_at","updated_at") VALUES(131,66,11,'2024-05-14 16:22:13.369','2024-05-14 16:22:13.369');
INSERT INTO "consultas_parametros" ("id","consulta_id","parametro_id","created_at","updated_at") VALUES(132,66,4,'2024-05-14 16:22:13.369','2024-05-14 16:22:13.369');
INSERT INTO "consultas_parametros" ("id","consulta_id","parametro_id","created_at","updated_at") VALUES(133,66,5,'2024-05-14 16:22:13.369','2024-05-14 16:22:13.369');
INSERT INTO "consultas_parametros" ("id","consulta_id","parametro_id","created_at","updated_at") VALUES(134,67,3,'2024-05-14 16:22:35.850','2024-05-14 16:22:35.850');
INSERT INTO "consultas_parametros" ("id","consulta_id","parametro_id","created_at","updated_at") VALUES(135,67,11,'2024-05-14 16:22:35.850','2024-05-14 16:22:35.850');
INSERT INTO "consultas_parametros" ("id","consulta_id","parametro_id","created_at","updated_at") VALUES(136,67,4,'2024-05-14 16:22:35.850','2024-05-14 16:22:35.850');
INSERT INTO "consultas_parametros" ("id","consulta_id","parametro_id","created_at","updated_at") VALUES(137,67,5,'2024-05-14 16:22:35.850','2024-05-14 16:22:35.850');
INSERT INTO "consultas_parametros" ("id","consulta_id","parametro_id","created_at","updated_at") VALUES(138,68,3,'2024-05-14 16:22:45.824','2024-05-14 16:22:45.824');
INSERT INTO "consultas_parametros" ("id","consulta_id","parametro_id","created_at","updated_at") VALUES(139,68,11,'2024-05-14 16:22:45.824','2024-05-14 16:22:45.824');
INSERT INTO "consultas_parametros" ("id","consulta_id","parametro_id","created_at","updated_at") VALUES(140,68,4,'2024-05-14 16:22:45.824','2024-05-14 16:22:45.824');
INSERT INTO "consultas_parametros" ("id","consulta_id","parametro_id","created_at","updated_at") VALUES(141,68,5,'2024-05-14 16:22:45.824','2024-05-14 16:22:45.824');
INSERT INTO "consultas_parametros" ("id","consulta_id","parametro_id","created_at","updated_at") VALUES(142,69,3,'2024-05-14 16:22:56.774','2024-05-14 16:22:56.774');
INSERT INTO "consultas_parametros" ("id","consulta_id","parametro_id","created_at","updated_at") VALUES(143,69,11,'2024-05-14 16:22:56.784','2024-05-14 16:22:56.784');
INSERT INTO "consultas_parametros" ("id","consulta_id","parametro_id","created_at","updated_at") VALUES(144,69,4,'2024-05-14 16:22:56.785','2024-05-14 16:22:56.785');
INSERT INTO "consultas_parametros" ("id","consulta_id","parametro_id","created_at","updated_at") VALUES(145,69,5,'2024-05-14 16:22:56.785','2024-05-14 16:22:56.785');
INSERT INTO "consultas_parametros" ("id","consulta_id","parametro_id","created_at","updated_at") VALUES(146,70,3,'2024-05-14 16:23:09.069','2024-05-14 16:23:09.069');
INSERT INTO "consultas_parametros" ("id","consulta_id","parametro_id","created_at","updated_at") VALUES(147,70,11,'2024-05-14 16:23:09.069','2024-05-14 16:23:09.069');
INSERT INTO "consultas_parametros" ("id","consulta_id","parametro_id","created_at","updated_at") VALUES(148,70,4,'2024-05-14 16:23:09.069','2024-05-14 16:23:09.069');
INSERT INTO "consultas_parametros" ("id","consulta_id","parametro_id","created_at","updated_at") VALUES(149,70,5,'2024-05-14 16:23:09.069','2024-05-14 16:23:09.069');
INSERT INTO "consultas_parametros" ("id","consulta_id","parametro_id","created_at","updated_at") VALUES(150,71,3,'2024-05-14 16:23:19.379','2024-05-14 16:23:19.379');
INSERT INTO "consultas_parametros" ("id","consulta_id","parametro_id","created_at","updated_at") VALUES(151,71,11,'2024-05-14 16:23:19.379','2024-05-14 16:23:19.379');
INSERT INTO "consultas_parametros" ("id","consulta_id","parametro_id","created_at","updated_at") VALUES(152,71,4,'2024-05-14 16:23:19.379','2024-05-14 16:23:19.379');
INSERT INTO "consultas_parametros" ("id","consulta_id","parametro_id","created_at","updated_at") VALUES(153,71,5,'2024-05-14 16:23:19.379','2024-05-14 16:23:19.379');
INSERT INTO "consultas_parametros" ("id","consulta_id","parametro_id","created_at","updated_at") VALUES(154,72,3,'2024-05-14 16:23:32.535','2024-05-14 16:23:32.535');
INSERT INTO "consultas_parametros" ("id","consulta_id","parametro_id","created_at","updated_at") VALUES(155,72,11,'2024-05-14 16:23:32.535','2024-05-14 16:23:32.535');
INSERT INTO "consultas_parametros" ("id","consulta_id","parametro_id","created_at","updated_at") VALUES(156,72,4,'2024-05-14 16:23:32.535','2024-05-14 16:23:32.535');
INSERT INTO "consultas_parametros" ("id","consulta_id","parametro_id","created_at","updated_at") VALUES(157,72,5,'2024-05-14 16:23:32.535','2024-05-14 16:23:32.535');
INSERT INTO "consultas_parametros" ("id","consulta_id","parametro_id","created_at","updated_at") VALUES(158,73,3,'2024-05-14 16:23:42.483','2024-05-14 16:23:42.483');
INSERT INTO "consultas_parametros" ("id","consulta_id","parametro_id","created_at","updated_at") VALUES(159,73,11,'2024-05-14 16:23:42.483','2024-05-14 16:23:42.483');
INSERT INTO "consultas_parametros" ("id","consulta_id","parametro_id","created_at","updated_at") VALUES(160,73,4,'2024-05-14 16:23:42.483','2024-05-14 16:23:42.483');
INSERT INTO "consultas_parametros" ("id","consulta_id","parametro_id","created_at","updated_at") VALUES(161,73,5,'2024-05-14 16:23:42.483','2024-05-14 16:23:42.483');
INSERT INTO "consultas_parametros" ("id","consulta_id","parametro_id","created_at","updated_at") VALUES(162,74,3,'2024-05-14 16:23:59.523','2024-05-14 16:23:59.523');
INSERT INTO "consultas_parametros" ("id","consulta_id","parametro_id","created_at","updated_at") VALUES(163,74,11,'2024-05-14 16:23:59.523','2024-05-14 16:23:59.523');
INSERT INTO "consultas_parametros" ("id","consulta_id","parametro_id","created_at","updated_at") VALUES(164,74,4,'2024-05-14 16:23:59.533','2024-05-14 16:23:59.533');
INSERT INTO "consultas_parametros" ("id","consulta_id","parametro_id","created_at","updated_at") VALUES(165,74,5,'2024-05-14 16:23:59.533','2024-05-14 16:23:59.533');
INSERT INTO "consultas_parametros" ("id","consulta_id","parametro_id","created_at","updated_at") VALUES(166,75,11,'2024-05-15 10:45:43.662','2024-05-15 10:45:43.662');
INSERT INTO "consultas_parametros" ("id","consulta_id","parametro_id","created_at","updated_at") VALUES(167,75,4,'2024-05-15 10:45:43.662','2024-05-15 10:45:43.662');
INSERT INTO "consultas_parametros" ("id","consulta_id","parametro_id","created_at","updated_at") VALUES(168,75,5,'2024-05-15 10:45:43.662','2024-05-15 10:45:43.662');
INSERT INTO "consultas_parametros" ("id","consulta_id","parametro_id","created_at","updated_at") VALUES(169,76,11,'2024-05-15 10:45:47.092','2024-05-15 10:45:47.092');
INSERT INTO "consultas_parametros" ("id","consulta_id","parametro_id","created_at","updated_at") VALUES(170,76,4,'2024-05-15 10:45:47.109','2024-05-15 10:45:47.109');
INSERT INTO "consultas_parametros" ("id","consulta_id","parametro_id","created_at","updated_at") VALUES(171,76,5,'2024-05-15 10:45:47.109','2024-05-15 10:45:47.109');
INSERT INTO "consultas_parametros" ("id","consulta_id","parametro_id","created_at","updated_at") VALUES(172,77,11,'2024-05-15 10:45:47.109','2024-05-15 10:45:47.109');
INSERT INTO "consultas_parametros" ("id","consulta_id","parametro_id","created_at","updated_at") VALUES(173,77,4,'2024-05-15 10:45:47.109','2024-05-15 10:45:47.109');
INSERT INTO "consultas_parametros" ("id","consulta_id","parametro_id","created_at","updated_at") VALUES(174,77,5,'2024-05-15 10:45:47.124','2024-05-15 10:45:47.124');
INSERT INTO "consultas_parametros" ("id","consulta_id","parametro_id","created_at","updated_at") VALUES(175,78,11,'2024-05-15 10:45:47.125','2024-05-15 10:45:47.125');
INSERT INTO "consultas_parametros" ("id","consulta_id","parametro_id","created_at","updated_at") VALUES(176,78,4,'2024-05-15 10:45:47.125','2024-05-15 10:45:47.125');
INSERT INTO "consultas_parametros" ("id","consulta_id","parametro_id","created_at","updated_at") VALUES(177,78,5,'2024-05-15 10:45:47.125','2024-05-15 10:45:47.125');
INSERT INTO "consultas_parametros" ("id","consulta_id","parametro_id","created_at","updated_at") VALUES(178,79,11,'2024-05-15 10:45:47.125','2024-05-15 10:45:47.125');
INSERT INTO "consultas_parametros" ("id","consulta_id","parametro_id","created_at","updated_at") VALUES(179,79,4,'2024-05-15 10:45:47.125','2024-05-15 10:45:47.125');
INSERT INTO "consultas_parametros" ("id","consulta_id","parametro_id","created_at","updated_at") VALUES(180,79,5,'2024-05-15 10:45:47.125','2024-05-15 10:45:47.125');
INSERT INTO "consultas_parametros" ("id","consulta_id","parametro_id","created_at","updated_at") VALUES(181,80,11,'2024-05-15 10:45:47.125','2024-05-15 10:45:47.125');
INSERT INTO "consultas_parametros" ("id","consulta_id","parametro_id","created_at","updated_at") VALUES(182,80,4,'2024-05-15 10:45:47.125','2024-05-15 10:45:47.125');
INSERT INTO "consultas_parametros" ("id","consulta_id","parametro_id","created_at","updated_at") VALUES(183,80,5,'2024-05-15 10:45:47.125','2024-05-15 10:45:47.125');
INSERT INTO "consultas_parametros" ("id","consulta_id","parametro_id","created_at","updated_at") VALUES(184,81,11,'2024-05-15 10:45:47.125','2024-05-15 10:45:47.125');
INSERT INTO "consultas_parametros" ("id","consulta_id","parametro_id","created_at","updated_at") VALUES(185,81,4,'2024-05-15 10:45:47.125','2024-05-15 10:45:47.125');
INSERT INTO "consultas_parametros" ("id","consulta_id","parametro_id","created_at","updated_at") VALUES(186,81,5,'2024-05-15 10:45:47.139','2024-05-15 10:45:47.139');
INSERT INTO "consultas_parametros" ("id","consulta_id","parametro_id","created_at","updated_at") VALUES(187,82,11,'2024-05-15 10:45:47.139','2024-05-15 10:45:47.139');
INSERT INTO "consultas_parametros" ("id","consulta_id","parametro_id","created_at","updated_at") VALUES(188,82,4,'2024-05-15 10:45:47.139','2024-05-15 10:45:47.139');
INSERT INTO "consultas_parametros" ("id","consulta_id","parametro_id","created_at","updated_at") VALUES(189,82,5,'2024-05-15 10:45:47.139','2024-05-15 10:45:47.139');
INSERT INTO "consultas_parametros" ("id","consulta_id","parametro_id","created_at","updated_at") VALUES(190,83,11,'2024-05-15 10:45:47.139','2024-05-15 10:45:47.139');
INSERT INTO "consultas_parametros" ("id","consulta_id","parametro_id","created_at","updated_at") VALUES(191,83,4,'2024-05-15 10:45:47.139','2024-05-15 10:45:47.139');
INSERT INTO "consultas_parametros" ("id","consulta_id","parametro_id","created_at","updated_at") VALUES(192,83,5,'2024-05-15 10:45:47.139','2024-05-15 10:45:47.139');
INSERT INTO "consultas_parametros" ("id","consulta_id","parametro_id","created_at","updated_at") VALUES(193,84,11,'2024-05-15 10:45:47.139','2024-05-15 10:45:47.139');
INSERT INTO "consultas_parametros" ("id","consulta_id","parametro_id","created_at","updated_at") VALUES(194,84,4,'2024-05-15 10:45:47.139','2024-05-15 10:45:47.139');
INSERT INTO "consultas_parametros" ("id","consulta_id","parametro_id","created_at","updated_at") VALUES(195,84,5,'2024-05-15 10:45:47.139','2024-05-15 10:45:47.139');
INSERT INTO "consultas_parametros" ("id","consulta_id","parametro_id","created_at","updated_at") VALUES(196,85,11,'2024-05-15 10:45:47.139','2024-05-15 10:45:47.139');
INSERT INTO "consultas_parametros" ("id","consulta_id","parametro_id","created_at","updated_at") VALUES(197,85,4,'2024-05-15 10:45:47.139','2024-05-15 10:45:47.139');
INSERT INTO "consultas_parametros" ("id","consulta_id","parametro_id","created_at","updated_at") VALUES(198,85,5,'2024-05-15 10:45:47.139','2024-05-15 10:45:47.139');
INSERT INTO "consultas_parametros" ("id","consulta_id","parametro_id","created_at","updated_at") VALUES(199,86,11,'2024-05-15 10:45:47.139','2024-05-15 10:45:47.139');
INSERT INTO "consultas_parametros" ("id","consulta_id","parametro_id","created_at","updated_at") VALUES(200,86,4,'2024-05-15 10:45:47.139','2024-05-15 10:45:47.139');
INSERT INTO "consultas_parametros" ("id","consulta_id","parametro_id","created_at","updated_at") VALUES(201,86,5,'2024-05-15 10:45:47.139','2024-05-15 10:45:47.139');
INSERT INTO "consultas_parametros" ("id","consulta_id","parametro_id","created_at","updated_at") VALUES(202,87,11,'2024-05-15 10:45:47.139','2024-05-15 10:45:47.139');
INSERT INTO "consultas_parametros" ("id","consulta_id","parametro_id","created_at","updated_at") VALUES(203,87,4,'2024-05-15 10:45:47.139','2024-05-15 10:45:47.139');
INSERT INTO "consultas_parametros" ("id","consulta_id","parametro_id","created_at","updated_at") VALUES(204,87,5,'2024-05-15 10:45:47.139','2024-05-15 10:45:47.139');
INSERT INTO "consultas_parametros" ("id","consulta_id","parametro_id","created_at","updated_at") VALUES(205,88,11,'2024-05-15 10:45:47.155','2024-05-15 10:45:47.155');
INSERT INTO "consultas_parametros" ("id","consulta_id","parametro_id","created_at","updated_at") VALUES(206,88,4,'2024-05-15 10:45:47.155','2024-05-15 10:45:47.155');
INSERT INTO "consultas_parametros" ("id","consulta_id","parametro_id","created_at","updated_at") VALUES(207,88,5,'2024-05-15 10:45:47.155','2024-05-15 10:45:47.155');
INSERT INTO "consultas_parametros" ("id","consulta_id","parametro_id","created_at","updated_at") VALUES(208,89,11,'2024-05-15 10:45:47.155','2024-05-15 10:45:47.155');
INSERT INTO "consultas_parametros" ("id","consulta_id","parametro_id","created_at","updated_at") VALUES(209,89,4,'2024-05-15 10:45:47.155','2024-05-15 10:45:47.155');
INSERT INTO "consultas_parametros" ("id","consulta_id","parametro_id","created_at","updated_at") VALUES(210,89,5,'2024-05-15 10:45:47.155','2024-05-15 10:45:47.155');
INSERT INTO "consultas_parametros" ("id","consulta_id","parametro_id","created_at","updated_at") VALUES(211,90,11,'2024-05-15 10:45:47.155','2024-05-15 10:45:47.155');
INSERT INTO "consultas_parametros" ("id","consulta_id","parametro_id","created_at","updated_at") VALUES(212,90,4,'2024-05-15 10:45:47.155','2024-05-15 10:45:47.155');
INSERT INTO "consultas_parametros" ("id","consulta_id","parametro_id","created_at","updated_at") VALUES(213,90,5,'2024-05-15 10:45:47.155','2024-05-15 10:45:47.155');
INSERT INTO "consultas_parametros" ("id","consulta_id","parametro_id","created_at","updated_at") VALUES(214,91,11,'2024-05-15 10:45:47.155','2024-05-15 10:45:47.155');
INSERT INTO "consultas_parametros" ("id","consulta_id","parametro_id","created_at","updated_at") VALUES(215,91,4,'2024-05-15 10:45:47.155','2024-05-15 10:45:47.155');
INSERT INTO "consultas_parametros" ("id","consulta_id","parametro_id","created_at","updated_at") VALUES(216,91,5,'2024-05-15 10:45:47.165','2024-05-15 10:45:47.165');
INSERT INTO "consultas_parametros" ("id","consulta_id","parametro_id","created_at","updated_at") VALUES(268,109,6,'2024-05-15 13:01:27.354','2024-05-15 13:01:27.354');
INSERT INTO "consultas_parametros" ("id","consulta_id","parametro_id","created_at","updated_at") VALUES(269,109,11,'2024-05-15 13:01:27.364','2024-05-15 13:01:27.364');
INSERT INTO "consultas_parametros" ("id","consulta_id","parametro_id","created_at","updated_at") VALUES(270,109,4,'2024-05-15 13:01:27.366','2024-05-15 13:01:27.366');
INSERT INTO "consultas_parametros" ("id","consulta_id","parametro_id","created_at","updated_at") VALUES(271,109,5,'2024-05-15 13:01:27.367','2024-05-15 13:01:27.367');
INSERT INTO "consultas_parametros" ("id","consulta_id","parametro_id","created_at","updated_at") VALUES(272,110,6,'2024-05-15 13:02:52.011','2024-05-15 13:02:52.011');
INSERT INTO "consultas_parametros" ("id","consulta_id","parametro_id","created_at","updated_at") VALUES(273,110,11,'2024-05-15 13:02:52.026','2024-05-15 13:02:52.026');
INSERT INTO "consultas_parametros" ("id","consulta_id","parametro_id","created_at","updated_at") VALUES(274,110,4,'2024-05-15 13:02:52.027','2024-05-15 13:02:52.027');
INSERT INTO "consultas_parametros" ("id","consulta_id","parametro_id","created_at","updated_at") VALUES(275,110,5,'2024-05-15 13:02:52.028','2024-05-15 13:02:52.028');
INSERT INTO "consultas_parametros" ("id","consulta_id","parametro_id","created_at","updated_at") VALUES(276,111,6,'2024-05-15 13:02:52.030','2024-05-15 13:02:52.030');
INSERT INTO "consultas_parametros" ("id","consulta_id","parametro_id","created_at","updated_at") VALUES(277,111,11,'2024-05-15 13:02:52.031','2024-05-15 13:02:52.031');
INSERT INTO "consultas_parametros" ("id","consulta_id","parametro_id","created_at","updated_at") VALUES(278,111,4,'2024-05-15 13:02:52.032','2024-05-15 13:02:52.032');
INSERT INTO "consultas_parametros" ("id","consulta_id","parametro_id","created_at","updated_at") VALUES(279,111,5,'2024-05-15 13:02:52.032','2024-05-15 13:02:52.032');
INSERT INTO "consultas_parametros" ("id","consulta_id","parametro_id","created_at","updated_at") VALUES(280,112,6,'2024-05-15 13:02:52.033','2024-05-15 13:02:52.033');
INSERT INTO "consultas_parametros" ("id","consulta_id","parametro_id","created_at","updated_at") VALUES(281,112,11,'2024-05-15 13:02:52.033','2024-05-15 13:02:52.033');
INSERT INTO "consultas_parametros" ("id","consulta_id","parametro_id","created_at","updated_at") VALUES(282,112,4,'2024-05-15 13:02:52.034','2024-05-15 13:02:52.034');
INSERT INTO "consultas_parametros" ("id","consulta_id","parametro_id","created_at","updated_at") VALUES(283,112,5,'2024-05-15 13:02:52.034','2024-05-15 13:02:52.034');
INSERT INTO "consultas_parametros" ("id","consulta_id","parametro_id","created_at","updated_at") VALUES(284,113,6,'2024-05-15 13:02:52.035','2024-05-15 13:02:52.035');
INSERT INTO "consultas_parametros" ("id","consulta_id","parametro_id","created_at","updated_at") VALUES(285,113,11,'2024-05-15 13:02:52.035','2024-05-15 13:02:52.035');
INSERT INTO "consultas_parametros" ("id","consulta_id","parametro_id","created_at","updated_at") VALUES(286,113,4,'2024-05-15 13:02:52.036','2024-05-15 13:02:52.036');
INSERT INTO "consultas_parametros" ("id","consulta_id","parametro_id","created_at","updated_at") VALUES(287,113,5,'2024-05-15 13:02:52.036','2024-05-15 13:02:52.036');
INSERT INTO "consultas_parametros" ("id","consulta_id","parametro_id","created_at","updated_at") VALUES(288,114,6,'2024-05-15 13:02:52.037','2024-05-15 13:02:52.037');
INSERT INTO "consultas_parametros" ("id","consulta_id","parametro_id","created_at","updated_at") VALUES(289,114,11,'2024-05-15 13:02:52.037','2024-05-15 13:02:52.037');
INSERT INTO "consultas_parametros" ("id","consulta_id","parametro_id","created_at","updated_at") VALUES(290,114,4,'2024-05-15 13:02:52.038','2024-05-15 13:02:52.038');
INSERT INTO "consultas_parametros" ("id","consulta_id","parametro_id","created_at","updated_at") VALUES(291,114,5,'2024-05-15 13:02:52.038','2024-05-15 13:02:52.038');
INSERT INTO "consultas_parametros" ("id","consulta_id","parametro_id","created_at","updated_at") VALUES(292,115,6,'2024-05-15 13:02:52.039','2024-05-15 13:02:52.039');
INSERT INTO "consultas_parametros" ("id","consulta_id","parametro_id","created_at","updated_at") VALUES(293,115,11,'2024-05-15 13:02:52.040','2024-05-15 13:02:52.040');
INSERT INTO "consultas_parametros" ("id","consulta_id","parametro_id","created_at","updated_at") VALUES(294,115,4,'2024-05-15 13:02:52.041','2024-05-15 13:02:52.041');
INSERT INTO "consultas_parametros" ("id","consulta_id","parametro_id","created_at","updated_at") VALUES(295,115,5,'2024-05-15 13:02:52.042','2024-05-15 13:02:52.042');
INSERT INTO "consultas_parametros" ("id","consulta_id","parametro_id","created_at","updated_at") VALUES(296,116,6,'2024-05-15 13:02:52.043','2024-05-15 13:02:52.043');
INSERT INTO "consultas_parametros" ("id","consulta_id","parametro_id","created_at","updated_at") VALUES(297,116,11,'2024-05-15 13:02:52.043','2024-05-15 13:02:52.043');
INSERT INTO "consultas_parametros" ("id","consulta_id","parametro_id","created_at","updated_at") VALUES(298,116,4,'2024-05-15 13:02:52.044','2024-05-15 13:02:52.044');
INSERT INTO "consultas_parametros" ("id","consulta_id","parametro_id","created_at","updated_at") VALUES(299,116,5,'2024-05-15 13:02:52.044','2024-05-15 13:02:52.044');
INSERT INTO "consultas_parametros" ("id","consulta_id","parametro_id","created_at","updated_at") VALUES(300,117,6,'2024-05-15 13:02:52.045','2024-05-15 13:02:52.045');
INSERT INTO "consultas_parametros" ("id","consulta_id","parametro_id","created_at","updated_at") VALUES(301,117,11,'2024-05-15 13:02:52.046','2024-05-15 13:02:52.046');
INSERT INTO "consultas_parametros" ("id","consulta_id","parametro_id","created_at","updated_at") VALUES(302,117,4,'2024-05-15 13:02:52.046','2024-05-15 13:02:52.046');
INSERT INTO "consultas_parametros" ("id","consulta_id","parametro_id","created_at","updated_at") VALUES(303,117,5,'2024-05-15 13:02:52.047','2024-05-15 13:02:52.047');
INSERT INTO "consultas_parametros" ("id","consulta_id","parametro_id","created_at","updated_at") VALUES(304,118,6,'2024-05-15 13:02:52.047','2024-05-15 13:02:52.047');
INSERT INTO "consultas_parametros" ("id","consulta_id","parametro_id","created_at","updated_at") VALUES(305,118,11,'2024-05-15 13:02:52.048','2024-05-15 13:02:52.048');
INSERT INTO "consultas_parametros" ("id","consulta_id","parametro_id","created_at","updated_at") VALUES(306,118,4,'2024-05-15 13:02:52.048','2024-05-15 13:02:52.048');
INSERT INTO "consultas_parametros" ("id","consulta_id","parametro_id","created_at","updated_at") VALUES(307,118,5,'2024-05-15 13:02:52.049','2024-05-15 13:02:52.049');
INSERT INTO "consultas_parametros" ("id","consulta_id","parametro_id","created_at","updated_at") VALUES(308,119,6,'2024-05-15 13:02:52.050','2024-05-15 13:02:52.050');
INSERT INTO "consultas_parametros" ("id","consulta_id","parametro_id","created_at","updated_at") VALUES(309,119,11,'2024-05-15 13:02:52.050','2024-05-15 13:02:52.050');
INSERT INTO "consultas_parametros" ("id","consulta_id","parametro_id","created_at","updated_at") VALUES(310,119,4,'2024-05-15 13:02:52.051','2024-05-15 13:02:52.051');
INSERT INTO "consultas_parametros" ("id","consulta_id","parametro_id","created_at","updated_at") VALUES(311,119,5,'2024-05-15 13:02:52.051','2024-05-15 13:02:52.051');
INSERT INTO "consultas_parametros" ("id","consulta_id","parametro_id","created_at","updated_at") VALUES(312,120,6,'2024-05-15 13:02:52.052','2024-05-15 13:02:52.052');
INSERT INTO "consultas_parametros" ("id","consulta_id","parametro_id","created_at","updated_at") VALUES(313,120,11,'2024-05-15 13:02:52.052','2024-05-15 13:02:52.052');
INSERT INTO "consultas_parametros" ("id","consulta_id","parametro_id","created_at","updated_at") VALUES(314,120,4,'2024-05-15 13:02:52.053','2024-05-15 13:02:52.053');
INSERT INTO "consultas_parametros" ("id","consulta_id","parametro_id","created_at","updated_at") VALUES(315,120,5,'2024-05-15 13:02:52.053','2024-05-15 13:02:52.053');
INSERT INTO "consultas_parametros" ("id","consulta_id","parametro_id","created_at","updated_at") VALUES(316,121,6,'2024-05-15 13:02:52.054','2024-05-15 13:02:52.054');
INSERT INTO "consultas_parametros" ("id","consulta_id","parametro_id","created_at","updated_at") VALUES(317,121,11,'2024-05-15 13:02:52.054','2024-05-15 13:02:52.054');
INSERT INTO "consultas_parametros" ("id","consulta_id","parametro_id","created_at","updated_at") VALUES(318,121,4,'2024-05-15 13:02:52.054','2024-05-15 13:02:52.054');
INSERT INTO "consultas_parametros" ("id","consulta_id","parametro_id","created_at","updated_at") VALUES(319,121,5,'2024-05-15 13:02:52.055','2024-05-15 13:02:52.055');
INSERT INTO "consultas_parametros" ("id","consulta_id","parametro_id","created_at","updated_at") VALUES(320,122,6,'2024-05-15 13:02:52.056','2024-05-15 13:02:52.056');
INSERT INTO "consultas_parametros" ("id","consulta_id","parametro_id","created_at","updated_at") VALUES(321,122,11,'2024-05-15 13:02:52.057','2024-05-15 13:02:52.057');
INSERT INTO "consultas_parametros" ("id","consulta_id","parametro_id","created_at","updated_at") VALUES(322,122,4,'2024-05-15 13:02:52.057','2024-05-15 13:02:52.057');
INSERT INTO "consultas_parametros" ("id","consulta_id","parametro_id","created_at","updated_at") VALUES(323,122,5,'2024-05-15 13:02:52.057','2024-05-15 13:02:52.057');
INSERT INTO "consultas_parametros" ("id","consulta_id","parametro_id","created_at","updated_at") VALUES(324,123,6,'2024-05-15 13:02:52.058','2024-05-15 13:02:52.058');
INSERT INTO "consultas_parametros" ("id","consulta_id","parametro_id","created_at","updated_at") VALUES(325,123,11,'2024-05-15 13:02:52.059','2024-05-15 13:02:52.059');
INSERT INTO "consultas_parametros" ("id","consulta_id","parametro_id","created_at","updated_at") VALUES(326,123,4,'2024-05-15 13:02:52.059','2024-05-15 13:02:52.059');
INSERT INTO "consultas_parametros" ("id","consulta_id","parametro_id","created_at","updated_at") VALUES(327,123,5,'2024-05-15 13:02:52.059','2024-05-15 13:02:52.059');
INSERT INTO "consultas_parametros" ("id","consulta_id","parametro_id","created_at","updated_at") VALUES(328,124,6,'2024-05-15 13:02:52.060','2024-05-15 13:02:52.060');
INSERT INTO "consultas_parametros" ("id","consulta_id","parametro_id","created_at","updated_at") VALUES(329,124,11,'2024-05-15 13:02:52.061','2024-05-15 13:02:52.061');
INSERT INTO "consultas_parametros" ("id","consulta_id","parametro_id","created_at","updated_at") VALUES(330,124,4,'2024-05-15 13:02:52.061','2024-05-15 13:02:52.061');
INSERT INTO "consultas_parametros" ("id","consulta_id","parametro_id","created_at","updated_at") VALUES(331,124,5,'2024-05-15 13:02:52.062','2024-05-15 13:02:52.062');
INSERT INTO "consultas_parametros" ("id","consulta_id","parametro_id","created_at","updated_at") VALUES(332,125,6,'2024-05-15 13:02:52.062','2024-05-15 13:02:52.062');
INSERT INTO "consultas_parametros" ("id","consulta_id","parametro_id","created_at","updated_at") VALUES(333,125,11,'2024-05-15 13:02:52.063','2024-05-15 13:02:52.063');
INSERT INTO "consultas_parametros" ("id","consulta_id","parametro_id","created_at","updated_at") VALUES(334,125,4,'2024-05-15 13:02:52.063','2024-05-15 13:02:52.063');
INSERT INTO "consultas_parametros" ("id","consulta_id","parametro_id","created_at","updated_at") VALUES(335,125,5,'2024-05-15 13:02:52.063','2024-05-15 13:02:52.063');
INSERT INTO "consultas_parametros" ("id","consulta_id","parametro_id","created_at","updated_at") VALUES(336,126,8,'2024-05-15 13:52:30.152','2024-05-15 13:52:30.152');
INSERT INTO "consultas_parametros" ("id","consulta_id","parametro_id","created_at","updated_at") VALUES(337,126,11,'2024-05-15 13:52:30.163','2024-05-15 13:52:30.163');
INSERT INTO "consultas_parametros" ("id","consulta_id","parametro_id","created_at","updated_at") VALUES(338,126,4,'2024-05-15 13:52:30.164','2024-05-15 13:52:30.164');
INSERT INTO "consultas_parametros" ("id","consulta_id","parametro_id","created_at","updated_at") VALUES(339,126,5,'2024-05-15 13:52:30.165','2024-05-15 13:52:30.165');
INSERT INTO "consultas_parametros" ("id","consulta_id","parametro_id","created_at","updated_at") VALUES(340,127,8,'2024-05-15 13:52:30.168','2024-05-15 13:52:30.168');
INSERT INTO "consultas_parametros" ("id","consulta_id","parametro_id","created_at","updated_at") VALUES(341,127,11,'2024-05-15 13:52:30.168','2024-05-15 13:52:30.168');
INSERT INTO "consultas_parametros" ("id","consulta_id","parametro_id","created_at","updated_at") VALUES(342,127,4,'2024-05-15 13:52:30.168','2024-05-15 13:52:30.168');
INSERT INTO "consultas_parametros" ("id","consulta_id","parametro_id","created_at","updated_at") VALUES(343,127,5,'2024-05-15 13:52:30.169','2024-05-15 13:52:30.169');
INSERT INTO "consultas_parametros" ("id","consulta_id","parametro_id","created_at","updated_at") VALUES(344,128,8,'2024-05-15 13:52:30.170','2024-05-15 13:52:30.170');
INSERT INTO "consultas_parametros" ("id","consulta_id","parametro_id","created_at","updated_at") VALUES(345,128,11,'2024-05-15 13:52:30.171','2024-05-15 13:52:30.171');
INSERT INTO "consultas_parametros" ("id","consulta_id","parametro_id","created_at","updated_at") VALUES(346,128,4,'2024-05-15 13:52:30.171','2024-05-15 13:52:30.171');
INSERT INTO "consultas_parametros" ("id","consulta_id","parametro_id","created_at","updated_at") VALUES(347,128,5,'2024-05-15 13:52:30.172','2024-05-15 13:52:30.172');
INSERT INTO "consultas_parametros" ("id","consulta_id","parametro_id","created_at","updated_at") VALUES(348,129,8,'2024-05-15 13:52:30.173','2024-05-15 13:52:30.173');
INSERT INTO "consultas_parametros" ("id","consulta_id","parametro_id","created_at","updated_at") VALUES(349,129,11,'2024-05-15 13:52:30.174','2024-05-15 13:52:30.174');
INSERT INTO "consultas_parametros" ("id","consulta_id","parametro_id","created_at","updated_at") VALUES(350,129,4,'2024-05-15 13:52:30.174','2024-05-15 13:52:30.174');
INSERT INTO "consultas_parametros" ("id","consulta_id","parametro_id","created_at","updated_at") VALUES(351,129,5,'2024-05-15 13:52:30.175','2024-05-15 13:52:30.175');
INSERT INTO "consultas_parametros" ("id","consulta_id","parametro_id","created_at","updated_at") VALUES(352,130,8,'2024-05-15 13:52:30.176','2024-05-15 13:52:30.176');
INSERT INTO "consultas_parametros" ("id","consulta_id","parametro_id","created_at","updated_at") VALUES(353,130,11,'2024-05-15 13:52:30.177','2024-05-15 13:52:30.177');
INSERT INTO "consultas_parametros" ("id","consulta_id","parametro_id","created_at","updated_at") VALUES(354,130,4,'2024-05-15 13:52:30.177','2024-05-15 13:52:30.177');
INSERT INTO "consultas_parametros" ("id","consulta_id","parametro_id","created_at","updated_at") VALUES(355,130,5,'2024-05-15 13:52:30.178','2024-05-15 13:52:30.178');
INSERT INTO "consultas_parametros" ("id","consulta_id","parametro_id","created_at","updated_at") VALUES(356,131,8,'2024-05-15 13:52:30.179','2024-05-15 13:52:30.179');
INSERT INTO "consultas_parametros" ("id","consulta_id","parametro_id","created_at","updated_at") VALUES(357,131,11,'2024-05-15 13:52:30.179','2024-05-15 13:52:30.179');
INSERT INTO "consultas_parametros" ("id","consulta_id","parametro_id","created_at","updated_at") VALUES(358,131,4,'2024-05-15 13:52:30.179','2024-05-15 13:52:30.179');
INSERT INTO "consultas_parametros" ("id","consulta_id","parametro_id","created_at","updated_at") VALUES(359,131,5,'2024-05-15 13:52:30.180','2024-05-15 13:52:30.180');
INSERT INTO "consultas_parametros" ("id","consulta_id","parametro_id","created_at","updated_at") VALUES(360,132,8,'2024-05-15 13:52:30.180','2024-05-15 13:52:30.180');
INSERT INTO "consultas_parametros" ("id","consulta_id","parametro_id","created_at","updated_at") VALUES(361,132,11,'2024-05-15 13:52:30.181','2024-05-15 13:52:30.181');
INSERT INTO "consultas_parametros" ("id","consulta_id","parametro_id","created_at","updated_at") VALUES(362,132,4,'2024-05-15 13:52:30.181','2024-05-15 13:52:30.181');
INSERT INTO "consultas_parametros" ("id","consulta_id","parametro_id","created_at","updated_at") VALUES(363,132,5,'2024-05-15 13:52:30.182','2024-05-15 13:52:30.182');
INSERT INTO "consultas_parametros" ("id","consulta_id","parametro_id","created_at","updated_at") VALUES(364,133,8,'2024-05-15 13:52:30.182','2024-05-15 13:52:30.182');
INSERT INTO "consultas_parametros" ("id","consulta_id","parametro_id","created_at","updated_at") VALUES(365,133,11,'2024-05-15 13:52:30.183','2024-05-15 13:52:30.183');
INSERT INTO "consultas_parametros" ("id","consulta_id","parametro_id","created_at","updated_at") VALUES(366,133,4,'2024-05-15 13:52:30.183','2024-05-15 13:52:30.183');
INSERT INTO "consultas_parametros" ("id","consulta_id","parametro_id","created_at","updated_at") VALUES(367,133,5,'2024-05-15 13:52:30.184','2024-05-15 13:52:30.184');
INSERT INTO "consultas_parametros" ("id","consulta_id","parametro_id","created_at","updated_at") VALUES(368,134,8,'2024-05-15 13:52:30.184','2024-05-15 13:52:30.184');
INSERT INTO "consultas_parametros" ("id","consulta_id","parametro_id","created_at","updated_at") VALUES(369,134,11,'2024-05-15 13:52:30.185','2024-05-15 13:52:30.185');
INSERT INTO "consultas_parametros" ("id","consulta_id","parametro_id","created_at","updated_at") VALUES(370,134,4,'2024-05-15 13:52:30.185','2024-05-15 13:52:30.185');
INSERT INTO "consultas_parametros" ("id","consulta_id","parametro_id","created_at","updated_at") VALUES(371,134,5,'2024-05-15 13:52:30.186','2024-05-15 13:52:30.186');
INSERT INTO "consultas_parametros" ("id","consulta_id","parametro_id","created_at","updated_at") VALUES(372,135,8,'2024-05-15 13:52:30.186','2024-05-15 13:52:30.186');
INSERT INTO "consultas_parametros" ("id","consulta_id","parametro_id","created_at","updated_at") VALUES(373,135,11,'2024-05-15 13:52:30.187','2024-05-15 13:52:30.187');
INSERT INTO "consultas_parametros" ("id","consulta_id","parametro_id","created_at","updated_at") VALUES(374,135,4,'2024-05-15 13:52:30.187','2024-05-15 13:52:30.187');
INSERT INTO "consultas_parametros" ("id","consulta_id","parametro_id","created_at","updated_at") VALUES(375,135,5,'2024-05-15 13:52:30.188','2024-05-15 13:52:30.188');
INSERT INTO "consultas_parametros" ("id","consulta_id","parametro_id","created_at","updated_at") VALUES(376,136,8,'2024-05-15 13:52:30.188','2024-05-15 13:52:30.188');
INSERT INTO "consultas_parametros" ("id","consulta_id","parametro_id","created_at","updated_at") VALUES(377,136,11,'2024-05-15 13:52:30.189','2024-05-15 13:52:30.189');
INSERT INTO "consultas_parametros" ("id","consulta_id","parametro_id","created_at","updated_at") VALUES(378,136,4,'2024-05-15 13:52:30.189','2024-05-15 13:52:30.189');
INSERT INTO "consultas_parametros" ("id","consulta_id","parametro_id","created_at","updated_at") VALUES(379,136,5,'2024-05-15 13:52:30.189','2024-05-15 13:52:30.189');
INSERT INTO "consultas_parametros" ("id","consulta_id","parametro_id","created_at","updated_at") VALUES(380,137,8,'2024-05-15 13:52:30.190','2024-05-15 13:52:30.190');
INSERT INTO "consultas_parametros" ("id","consulta_id","parametro_id","created_at","updated_at") VALUES(381,137,11,'2024-05-15 13:52:30.191','2024-05-15 13:52:30.191');
INSERT INTO "consultas_parametros" ("id","consulta_id","parametro_id","created_at","updated_at") VALUES(382,137,4,'2024-05-15 13:52:30.191','2024-05-15 13:52:30.191');
INSERT INTO "consultas_parametros" ("id","consulta_id","parametro_id","created_at","updated_at") VALUES(383,137,5,'2024-05-15 13:52:30.191','2024-05-15 13:52:30.191');
INSERT INTO "consultas_parametros" ("id","consulta_id","parametro_id","created_at","updated_at") VALUES(384,138,8,'2024-05-15 13:52:30.193','2024-05-15 13:52:30.193');
INSERT INTO "consultas_parametros" ("id","consulta_id","parametro_id","created_at","updated_at") VALUES(385,138,11,'2024-05-15 13:52:30.193','2024-05-15 13:52:30.193');
INSERT INTO "consultas_parametros" ("id","consulta_id","parametro_id","created_at","updated_at") VALUES(386,138,4,'2024-05-15 13:52:30.194','2024-05-15 13:52:30.194');
INSERT INTO "consultas_parametros" ("id","consulta_id","parametro_id","created_at","updated_at") VALUES(387,138,5,'2024-05-15 13:52:30.194','2024-05-15 13:52:30.194');
INSERT INTO "consultas_parametros" ("id","consulta_id","parametro_id","created_at","updated_at") VALUES(388,139,8,'2024-05-15 13:52:30.195','2024-05-15 13:52:30.195');
INSERT INTO "consultas_parametros" ("id","consulta_id","parametro_id","created_at","updated_at") VALUES(389,139,11,'2024-05-15 13:52:30.196','2024-05-15 13:52:30.196');
INSERT INTO "consultas_parametros" ("id","consulta_id","parametro_id","created_at","updated_at") VALUES(390,139,4,'2024-05-15 13:52:30.196','2024-05-15 13:52:30.196');
INSERT INTO "consultas_parametros" ("id","consulta_id","parametro_id","created_at","updated_at") VALUES(391,139,5,'2024-05-15 13:52:30.196','2024-05-15 13:52:30.197');
INSERT INTO "consultas_parametros" ("id","consulta_id","parametro_id","created_at","updated_at") VALUES(392,140,8,'2024-05-15 13:52:30.197','2024-05-15 13:52:30.197');
INSERT INTO "consultas_parametros" ("id","consulta_id","parametro_id","created_at","updated_at") VALUES(393,140,11,'2024-05-15 13:52:30.198','2024-05-15 13:52:30.198');
INSERT INTO "consultas_parametros" ("id","consulta_id","parametro_id","created_at","updated_at") VALUES(394,140,4,'2024-05-15 13:52:30.198','2024-05-15 13:52:30.198');
INSERT INTO "consultas_parametros" ("id","consulta_id","parametro_id","created_at","updated_at") VALUES(395,140,5,'2024-05-15 13:52:30.200','2024-05-15 13:52:30.200');
INSERT INTO "consultas_parametros" ("id","consulta_id","parametro_id","created_at","updated_at") VALUES(396,141,8,'2024-05-15 13:52:30.200','2024-05-15 13:52:30.200');
INSERT INTO "consultas_parametros" ("id","consulta_id","parametro_id","created_at","updated_at") VALUES(397,141,11,'2024-05-15 13:52:30.201','2024-05-15 13:52:30.201');
INSERT INTO "consultas_parametros" ("id","consulta_id","parametro_id","created_at","updated_at") VALUES(398,141,4,'2024-05-15 13:52:30.201','2024-05-15 13:52:30.201');
INSERT INTO "consultas_parametros" ("id","consulta_id","parametro_id","created_at","updated_at") VALUES(399,141,5,'2024-05-15 13:52:30.202','2024-05-15 13:52:30.202');
INSERT INTO "consultas_parametros" ("id","consulta_id","parametro_id","created_at","updated_at") VALUES(400,142,8,'2024-05-15 13:52:30.202','2024-05-15 13:52:30.202');
INSERT INTO "consultas_parametros" ("id","consulta_id","parametro_id","created_at","updated_at") VALUES(401,142,11,'2024-05-15 13:52:30.203','2024-05-15 13:52:30.203');
INSERT INTO "consultas_parametros" ("id","consulta_id","parametro_id","created_at","updated_at") VALUES(402,142,4,'2024-05-15 13:52:30.203','2024-05-15 13:52:30.203');
INSERT INTO "consultas_parametros" ("id","consulta_id","parametro_id","created_at","updated_at") VALUES(403,142,5,'2024-05-15 13:52:30.204','2024-05-15 13:52:30.204');